id_employee,internal_number_employee,FK_id_person
2000,job-0014-001,1500
2001,job-0014-002,1501
2002,job-0014-003,1502
2003,job-0014-004,1503
2004,job-0014-005,1504
2005,job-0014-006,1505
2006,job-0014-007,1506
2007,job-0014-008,1507
2008,job-0014-009,1508
2009,job-0014-010,1509
2010,job-0014-011,1510
2011,job-0014-012,1511
2012,job-0014-013,1512
2013,job-0014-014,1513
2014,job-0014-015,1514
2015,job-0014-016,1515
2016,job-0014-017,1516
2017,job-0014-018,1517
2018,job-0014-019,1518
2019,job-0014-020,1519
2020,job-0014-021,1520
2021,job-0014-022,1521
2022,job-0014-023,1532
2023,job-0014-024,1533
2024,job-0014-025,1534
2025,job-0014-026,1535
2026,job-0014-027,1536
2027,job-0014-028,1537
2028,job-0014-029,1538
2029,job-0014-030,1539
2030,job-0014-031,1540
2031,job-0014-032,1541