tiempo_segundos;tiempo_horas;temp1;temp2;temp3;temp4;temp5;temp6
0;0;951,1;949,4;950,3;950,5;950;950
0,2;5,55556E-05;939,2;947,5;949,2;949,8;949,6;949,9
0,4;0,000111111;927,1;945,5;948,1;949,4;949,1;949,5
0,6;0,000166667;915;943,8;947,1;948,8;948,8;949,1
0,8;0,000222222;902,7;941,8;946;948,4;948,5;948,9
1;0,000277778;890,5;940;944,8;947,8;948;948,5
1,2;0,000333333;878,6;938,2;943,9;947,2;947,7;948,3
1,4;0,000388889;866,5;936,4;942,9;946,8;947,3;947,9
1,6;0,000444444;854,9;934,5;941,7;946,1;946,9;947,6
1,8;0,0005;843,4;932,6;940,8;945,4;946,7;947,4
2;0,000555556;832,5;930,8;939,8;945,1;946,3;947,1
2,2;0,000611111;821,4;929;938,7;944,4;945,7;946,9
2,4;0,000666667;810,8;927,2;937,6;943,8;945,4;946,7
2,6;0,000722222;800,6;925,4;936,5;943,3;945,1;946,2
2,8;0,000777778;790,7;923,6;935,5;942,9;944,7;946
3;0,000833333;781,2;921,7;934,4;942,4;944,5;945,7
3,2;0,000888889;772;920,1;933,4;941,9;944;945,5
3,4;0,000944444;763,2;918,2;932,5;941,3;943,7;945,1
3,6;0,001;754,8;916,5;931,3;940,6;943,4;944,9
3,8;0,001055556;746,5;914,7;930,2;940,1;942,9;944,5
4;0,001111111;738,7;912,9;929,4;939,6;942,5;944,3
4,2;0,001166667;731,2;911,2;928,1;939;942,1;944,1
4,4;0,001222222;723,8;909,3;927,1;938,5;941,7;943,8
4,6;0,001277778;716,8;907,6;925,9;938;941,4;943,5
4,8;0,001333333;710,1;906;924,9;937,4;941,2;943,2
5;0,001388889;703,6;904,2;923,9;936,9;940,7;942,8
5,2;0,001444444;697,4;902,5;922,9;936,4;940,4;942,5
5,4;0,0015;691,2;900,7;921,9;935,9;939,9;942,3
5,6;0,001555556;684,9;899,2;920,9;935,4;939,6;942
5,8;0,001611111;678,9;897,5;919,9;934,9;939,1;941,8
6;0,001666667;673,4;896;918,9;934,4;938,8;941,5
6,2;0,001722222;668,4;894,3;917,8;933,8;938,5;941,2
6,4;0,001777778;663,5;892,7;916,7;933,3;938,2;940,9
6,6;0,001833333;658,8;891,2;915,8;932,7;937,9;940,5
6,8;0,001888889;654,5;889,3;914,7;932,2;937,6;940,3
7;0,001944444;650,2;888;913,8;931,8;937,4;940
7,2;0,002;646;886,4;912,8;931,2;936,9;939,7
7,4;0,002055556;642,1;884,8;911,8;930,8;936,5;939,4
7,6;0,002111111;638,3;883,3;910,8;930,3;936,4;939,3
7,8;0,002166667;634,6;881,8;909,8;929,7;935,9;938,9
8;0,002222222;631;880,5;908,9;929,2;935,5;938,5
8,2;0,002277778;627,8;878,9;907,9;928,7;935,3;938,4
8,4;0,002333333;624,3;877,4;906,9;928,2;934,9;938,1
8,6;0,002388889;621,3;875,9;906;927,7;934,5;937,7
8,8;0,002444444;618,2;874,3;905;927,2;934,3;937,5
9;0,0025;615,1;872,7;904,1;926,9;934;937,3
9,2;0,002555556;612,4;871,2;903,1;926,2;933,6;937
9,4;0,002611111;609,4;869,6;902;925,8;933,3;936,7
9,6;0,002666667;606,7;868,1;901,3;925,4;933;936,5
9,8;0,002722222;604;866,4;900,4;924,9;932,7;936,2
10;0,002777778;601,1;864,8;899,4;924,3;932,3;935,9
10,2;0,002833333;598,6;863,1;898,5;923,9;932;935,6
10,4;0,002888889;596;861,5;897,6;923,3;931,8;935,4
10,6;0,002944444;593,3;859,8;896,6;922,9;931,4;935
10,8;0,003;590,5;858;895,8;922,5;931,2;934,9
11;0,003055556;588;856,4;895;921,8;930,8;934,6
11,2;0,003111111;585,3;854,6;894,1;921,5;930,4;934,3
11,4;0,003166667;582,9;852,9;893,2;921,1;930,3;934
11,6;0,003222222;580,2;851,2;892,4;920,6;929,8;933,7
11,8;0,003277778;577,6;849,5;891,5;920,2;929,6;933,4
12;0,003333333;574,9;847,7;890,5;919,6;929,2;933,2
12,2;0,003388889;572,5;846,1;889,8;919,1;928,9;932,9
12,4;0,003444444;570;844,1;888,9;918,8;928,5;932,5
12,6;0,0035;567,5;842,5;888,1;918,3;928,3;932,3
12,8;0,003555556;565,1;840,7;887,3;917,7;928;931,9
13;0,003611111;562,5;839;886,5;917,3;927,7;931,9
13,2;0,003666667;559,9;837,3;885,8;916,8;927,4;931,5
13,4;0,003722222;557,7;835,3;884,9;916,5;927,2;931,1
13,6;0,003777778;555,2;833,8;884;916;926,8;931
13,8;0,003833333;552,9;831,9;883,3;915,5;926,5;930,7
14;0,003888889;550,5;830,1;882,3;915,1;926,2;930,4
14,2;0,003944444;548,3;828,4;881,6;914,7;925,9;930,1
14,4;0,004;546;826,7;880,8;914,2;925,6;930
14,6;0,004055556;543,6;824,9;880,1;913,7;925,4;929,7
14,8;0,004111111;541,5;823,1;879,2;913,4;925;929,4
15;0,004166667;539,2;821,4;878,5;912,9;924,8;929
15,2;0,004222222;537,1;819,7;877,5;912,6;924,3;928,8
15,4;0,004277778;535;818,2;876,7;912,2;924,2;928,6
15,6;0,004333333;532,9;816,5;875,7;911,7;923,8;928,3
15,8;0,004388889;530,7;814,8;874,9;911,4;923,5;928
16;0,004444444;528,7;813;874,1;911;923,1;927,8
16,2;0,0045;526,6;811,2;873,4;910,7;923;927,6
16,4;0,004555556;524,6;809,7;872,5;910,3;922,6;927,4
16,6;0,004611111;522,5;808;871,6;909,8;922,3;927
16,8;0,004666667;520,7;806,3;870,7;909,4;922;926,9
17;0,004722222;518,5;804,4;869,9;909;921,7;926,6
17,2;0,004777778;516,6;803;868,9;908,6;921,2;926,4
17,4;0,004833333;514,7;801,2;867,9;908,2;921,1;926
17,6;0,004888889;512,8;799,8;867;907,8;920,8;925,9
17,8;0,004944444;510,8;798;866;907,6;920,6;925,7
18;0,005;509;796,5;865,2;907;920,3;925,4
18,2;0,005055556;507,2;795;864,1;906,7;920,1;925,2
18,4;0,005111111;505,3;793,3;863;906,4;919,7;924,9
18,6;0,005166667;503,5;791,8;862;905,9;919,4;924,8
18,8;0,005222222;501,5;790,2;861,1;905,6;919,1;924,5
19;0,005277778;499,8;788,7;860;905,2;918,8;924,2
19,2;0,005333333;498;787,1;859;904,9;918,6;924,1
19,4;0,005388889;496,2;785,8;857,9;904,4;918,3;923,8
19,6;0,005444444;494,3;784,1;856,8;904,2;918,1;923,5
19,8;0,0055;492,5;782,6;855,7;903,7;917,7;923,4
20;0,005555556;490,8;781,3;854,7;903,3;917,5;923,2
20,2;0,005611111;489,1;779,7;853,5;903;917,2;922,8
20,4;0,005666667;487,4;778,2;852,4;902,7;917,1;922,8
20,6;0,005722222;485,7;776,8;851,5;902,2;916,7;922,5
20,8;0,005777778;484;775,3;850,4;901,9;916,4;922,2
21;0,005833333;482,3;773,8;849,2;901,6;916,4;922
21,2;0,005888889;480,6;772,5;848,2;901,2;915,8;921,9
21,4;0,005944444;479,1;770,9;847,1;900,8;915,6;921,6
21,6;0,006;477,5;769,5;845,9;900,4;915,3;921,5
21,8;0,006055556;475,9;768;844,8;900;915,1;921,2
22;0,006111111;474,4;766,7;843,8;899,7;914,9;920,9
22,2;0,006166667;472,8;765,2;842,6;899,3;914,7;920,7
22,4;0,006222222;471,3;763,8;841,5;899;914,3;920,5
22,6;0,006277778;469,8;762,4;840,4;898,7;914,1;920,3
22,8;0,006333333;468,3;761;839,1;898,1;913,8;920,1
23;0,006388889;466,7;759,6;838,1;897,9;913,4;919,8
23,2;0,006444444;465,4;758;837,1;897,5;913,3;919,6
23,4;0,0065;463,8;756,5;836;897;912,9;919,5
23,6;0,006555556;462,3;755,3;835;896,7;912,8;919,1
23,8;0,006611111;461;753,8;833,7;896,4;912,5;919
24;0,006666667;459,7;752,5;832,6;896,1;912,3;918,8
24,2;0,006722222;458,2;751;831,7;895,7;911,9;918,6
24,4;0,006777778;457;749,7;830,5;895,4;911,7;918,3
24,6;0,006833333;455,6;748,3;829,4;894,8;911,5;918,3
24,8;0,006888889;454,4;746,9;828,2;894,5;911,3;918
25;0,006944444;453;745,4;827,1;894,2;911;917,8
25,2;0,007;451,5;744;826,1;893,8;910,8;917,4
25,4;0,007055556;450,3;742,5;825;893,3;910,6;917,2
25,6;0,007111111;448,9;741,1;824;892,9;910,2;917,1
25,8;0,007166667;447,7;739,8;822,8;892,7;909,9;916,9
26;0,007222222;446,5;738,4;821,9;892,2;909,7;916,6
26,2;0,007277778;444,9;737,1;820,8;891,8;909,5;916,5
26,4;0,007333333;443,7;735,5;819,6;891,5;909,2;916,2
26,6;0,007388889;442,5;734,3;818,6;891;909;916,2
26,8;0,007444444;441,1;732,8;817,5;890,7;908,7;916
27;0,0075;439,9;731,4;816,5;890,4;908,4;915,8
27,2;0,007555556;438,5;730;815,6;890;908,3;915,4
27,4;0,007611111;437,4;728,6;814,4;889,6;907,9;915,2
27,6;0,007666667;436,1;727,2;813,5;889,2;907,7;915
27,8;0,007722222;434,9;725,8;812,5;888,8;907,6;915
28;0,007777778;433,7;724,5;811,6;888,4;907,3;914,6
28,2;0,007833333;432,5;722,9;810,8;888;906,8;914,5
28,4;0,007888889;431,4;721,6;809,6;887,6;906,9;914,4
28,6;0,007944444;430,1;720,1;808,7;887,2;906,4;914,1
28,8;0,008;428,9;718,9;807,8;886,8;906,3;913,8
29;0,008055556;427,8;717,6;806,8;886,5;906;913,6
29,2;0,008111111;426,5;716,3;805,9;886,2;905,7;913,3
29,4;0,008166667;425,4;714,7;804,8;885,8;905,4;913,1
29,6;0,008222222;424,3;713,4;804;885,3;905,2;913,1
29,8;0,008277778;423;712,2;803;885,1;904,9;912,9
30;0,008333333;421,9;710,6;802,1;884,6;904,7;912,7
30,2;0,008388889;420,9;709,3;801,1;884,2;904,4;912,3
30,4;0,008444444;419,7;708,1;800;883,8;904,3;912,1
30,6;0,0085;418,6;706,8;799,3;883,5;904;911,9
30,8;0,008555556;417,4;705,5;798,1;883,1;903,6;911,8
31;0,008611111;416,2;704,1;797,2;882,8;903,3;911,5
31,2;0,008666667;415,3;702,9;796,2;882,4;903,1;911,2
31,4;0,008722222;414,1;701,6;795,3;882,1;903;911
31,6;0,008777778;412,8;700,3;794,4;881,7;902,6;910,7
31,8;0,008833333;411,8;699,1;793,2;881,3;902,3;910,7
32;0,008888889;410,5;697,7;792,2;880,9;902,2;910,4
32,2;0,008944444;409,6;696,6;791,4;880,5;901,7;910,3
32,4;0,009;408,6;695,2;790,3;880,3;901,6;909,9
32,6;0,009055556;407,4;694,1;789,3;879,9;901,3;909,7
32,8;0,009111111;406,3;692,8;788,3;879,6;901,1;909,6
33;0,009166667;405,2;691,7;787,3;879;900,7;909,2
33,2;0,009222222;404;690,4;786,4;878,8;900,5;909,1
33,4;0,009277778;403,1;689,2;785,3;878,4;900,3;908,9
33,6;0,009333333;402;687,9;784,3;878;900;908,6
33,8;0,009388889;400,9;686,6;783,2;877,6;899,9;908,4
34;0,009444444;399,9;685,6;782,3;877,4;899,6;908,2
34,2;0,0095;398,8;684,3;781,4;877,1;899,3;908
34,4;0,009555556;397,8;683,1;780,3;876,7;898,8;907,7
34,6;0,009611111;396,6;681,9;779,3;876,2;898,7;907,5
34,8;0,009666667;395,7;680,7;778,3;875,9;898,3;907,3
35;0,009722222;394,5;679,5;777,3;875,6;898,1;907
35,2;0,009777778;393,5;678,4;776,2;875,2;897,8;906,8
35,4;0,009833333;392,5;677;775,4;874,8;897,5;906,6
35,6;0,009888889;391,5;675,9;774,4;874,5;897,4;906,5
35,8;0,009944444;390,5;674,6;773,4;874;897;906,2
36;0,01;389,4;673,6;772,5;873,9;896,8;906
36,2;0,010055556;388,4;672,2;771,4;873,6;896,6;905,9
36,4;0,010111111;387,5;671,2;770,4;873,1;896,4;905,5
36,6;0,010166667;386,5;670,1;769,4;872,7;896;905,4
36,8;0,010222222;385,6;668,9;768,5;872,4;895,7;905,1
37;0,010277778;384,7;667,8;767,4;872;895,4;905
37,2;0,010333333;383,7;666,7;766,4;871,8;895,2;904,6
37,4;0,010388889;382,8;665,7;765,5;871,3;894,8;904,5
37,6;0,010444444;382;664,4;764,6;871;894,7;904,1
37,8;0,0105;381;663,4;763,5;870,8;894,4;903,9
38;0,010555556;380,1;662,4;762,5;870,5;894,2;903,9
38,2;0,010611111;379,1;661,2;761,7;870;893,8;903,6
38,4;0,010666667;378,2;660;760,7;869,7;893,6;903,6
38,6;0,010722222;377,3;659,1;759,6;869,3;893,4;903,2
38,8;0,010777778;376,6;657,9;758,7;868,9;893,2;902,9
39;0,010833333;375,7;656,8;757,8;868,6;892,9;902,8
39,2;0,010888889;374,7;655,8;756,8;868,4;892,6;902,6
39,4;0,010944444;374;654,8;755,9;867,9;892,2;902,4
39,6;0,011;373,2;653,7;754,9;867,6;892;902,1
39,8;0,011055556;372,3;652,6;754,1;867,2;891,9;902
40;0,011111111;371,8;651,7;753,1;866,8;891,6;901,7
40,2;0,011166667;370,8;650,4;752,1;866,5;891,2;901,6
40,4;0,011222222;370;649,6;751,1;866;891,1;901,4
40,6;0,011277778;369,3;648,5;750,2;865,6;890,6;901,1
40,8;0,011333333;368,5;647,5;749,2;865,3;890,6;900,9
41;0,011388889;367,7;646,4;748,4;864,8;890,2;900,8
41,2;0,011444444;366,9;645,5;747,5;864,5;890;900,4
41,4;0,0115;366,2;644,5;746,4;864,1;889,8;900,3
41,6;0,011555556;365,4;643,4;745,6;863,8;889,5;900,2
41,8;0,011611111;364,9;642,3;744,6;863;889,3;899,8
42;0,011666667;364;641,6;743,7;862,7;888,8;899,6
42,2;0,011722222;363,1;640,4;742,7;862,2;888,7;899,3
42,4;0,011777778;362,6;639,5;741,9;861,8;888,4;899,1
42,6;0,011833333;361,7;638,5;741;861,5;888,1;899
42,8;0,011888889;361;637,5;740;861;888;898,9
43;0,011944444;360,3;636,6;739,2;860,5;887,5;898,6
43,2;0,012;359,5;635,7;738,3;860;887,3;898,5
43,4;0,012055556;359;634,8;737,3;859,6;887;898
43,6;0,012111111;358,2;633,9;736,4;859;886,8;897,9
43,8;0,012166667;357,5;632,9;735,5;858,5;886,6;897,8
44;0,012222222;357;632,1;734,6;858;886,3;897,7
44,2;0,012277778;356,3;631,2;733,7;857,6;886;897,3
44,4;0,012333333;355,5;630,2;732,7;857;885,8;897,1
44,6;0,012388889;354,9;629,4;731,9;856,5;885,6;896,9
44,8;0,012444444;354,1;628,5;730,9;856;885,3;896,7
45;0,0125;353,5;627,6;730,1;855,5;885,1;896,5
45,2;0,012555556;352,8;626,8;729,1;854,9;884,8;896,4
45,4;0,012611111;352,1;625,9;728,3;854,3;884,5;896,1
45,6;0,012666667;351,5;625,1;727,4;853,8;884,3;895,9
45,8;0,012722222;350,8;624,3;726,6;853,3;884,1;895,7
46;0,012777778;350,2;623,4;725,8;852,8;883,8;895,4
46,2;0,012833333;349,7;622,5;724,8;852,1;883,5;895,3
46,4;0,012888889;348,9;621,8;723,9;851,7;883,2;895,1
46,6;0,012944444;348,2;620,9;723,1;851;883,1;894,9
46,8;0,013;347,7;620;722,2;850,6;882,7;894,7
47;0,013055556;347,1;619,2;721,4;849,9;882,5;894,4
47,2;0,013111111;346,4;618,5;720,5;849,4;882,2;894,3
47,4;0,013166667;345,8;617,7;719,7;848,9;881,9;894
47,6;0,013222222;345;616,8;718,7;848,3;881,7;893,8
47,8;0,013277778;344,4;616,1;718;847,8;881,4;893,5
48;0,013333333;343,9;615,3;717,2;847,1;881,2;893,5
48,2;0,013388889;343,2;614,4;716,4;846,4;881;893,3
48,4;0,013444444;342,6;613,8;715,4;845,9;880,7;892,9
48,6;0,0135;342;613;714,6;845,4;880,5;892,8
48,8;0,013555556;341,4;612,1;713,7;844,7;880,2;892,6
49;0,013611111;340,8;611,2;713;844,2;879,9;892,3
49,2;0,013666667;340,1;610,5;712,1;843,6;879,6;892,1
49,4;0,013722222;339,5;609,7;711,3;843;879,6;892
49,6;0,013777778;339;609,1;710,5;842,6;879,4;891,7
49,8;0,013833333;338,5;608,3;709,7;841,8;879;891,4
50;0,013888889;337,9;607,4;708,9;841,2;878,8;891,2
50,2;0,013944444;337,4;606,5;708;840,7;878,5;891
50,4;0,014;336,6;605,8;707,1;840,1;878,1;890,9
50,6;0,014055556;336;605,1;706,3;839,5;877,9;890,6
50,8;0,014111111;335,5;604,5;705,6;838,9;877,6;890,3
51;0,014166667;334,8;603,7;704,8;838,4;877,4;890,2
51,2;0,014222222;334;602,8;704,1;837,8;877,2;889,9
51,4;0,014277778;333,5;602,1;703,2;837,2;876,8;889,7
51,6;0,014333333;332,8;601,4;702,3;836,6;876,7;889,5
51,8;0,014388889;332;600,7;701,6;835,9;876,3;889,4
52;0,014444444;331,4;599,9;700,9;835,3;876,1;889,2
52,2;0,0145;330,8;599,1;700,1;834,8;875,9;889
52,4;0,014555556;330;598,3;699,2;834,1;875,7;888,7
52,6;0,014611111;329,5;597,7;698,5;833,6;875,3;888,5
52,8;0,014666667;328,8;596,9;697,6;833;875,2;888,4
53;0,014722222;328,1;596,2;697;832,4;874,9;888,1
53,2;0,014777778;327,6;595,3;696,1;831,8;874,5;888
53,4;0,014833333;326,8;594,6;695,6;831,2;874,2;887,6
53,6;0,014888889;326,2;593,9;694,6;830,6;873,9;887,5
53,8;0,014944444;325,6;593,2;693,8;830,1;873,6;887,4
54;0,015;325,1;592,5;693,1;829,3;873,4;887,1
54,2;0,015055556;324,5;591,7;692,4;828,8;873,1;886,9
54,4;0,015111111;323,8;591,1;691,6;828,2;872,9;886,7
54,6;0,015166667;323,2;590,4;690,9;827,6;872,5;886,5
54,8;0,015222222;322,7;589,6;690,1;826,9;872,2;886,3
55;0,015277778;322,1;589;689,3;826,3;871,9;886,1
55,2;0,015333333;321,5;588,1;688,7;825,8;871,6;885,9
55,4;0,015388889;320,8;587,4;687,9;825,2;871,3;885,7
55,6;0,015444444;320,2;586,8;687,1;824,5;870,9;885,5
55,8;0,0155;319,6;586,1;686,4;823,9;870,6;885,2
56;0,015555556;318,8;585,3;685,6;823,2;870,3;884,9
56,2;0,015611111;318,2;584,6;684,9;822,8;870,1;884,8
56,4;0,015666667;317,6;584;684,1;822,1;869,6;884,7
56,6;0,015722222;317;583,3;683,4;821,5;869,2;884,5
56,8;0,015777778;316,4;582,4;682,7;820,8;868,9;884,3
57;0,015833333;315,8;581,8;682;820,4;868,6;884
57,2;0,015888889;315;581,1;681,1;819,6;868,3;883,8
57,4;0,015944444;314,5;580,4;680,5;819,1;867,8;883,6
57,6;0,016;313,8;579,8;679,7;818,4;867,6;883,3
57,8;0,016055556;313,3;579,1;679;817,8;867,3;883,2
58;0,016111111;312,6;578,4;678,2;817,3;866,9;883
58,2;0,016166667;312,1;577,6;677,6;816,7;866,5;882,8
58,4;0,016222222;311,5;577;676,9;816,1;866,1;882,6
58,6;0,016277778;310,9;576,2;676,2;815,5;865,6;882,3
58,8;0,016333333;310,5;575,6;675,2;814,9;865,3;882,1
59;0,016388889;309,9;574,8;674,5;814,2;865;882
59,2;0,016444444;309,3;574,2;673,9;813,7;864,5;881,8
59,4;0,0165;308,8;573,6;673,1;813,1;864,1;881,7
59,6;0,016555556;308,2;572,8;672,6;812,4;863,8;881,5
59,8;0,016611111;307,6;572,1;671,7;811,8;863,4;881,3
60;0,016666667;307,1;571,5;670,8;811,2;863,1;881,1
60,2;0,016722222;306,6;570,6;670,2;810,6;862,6;880,9
60,4;0,016777778;306,1;570;669,6;810;862,3;880,8
60,6;0,016833333;305,7;569,4;668,7;809,4;861,8;880,6
60,8;0,016888889;305,3;568,8;668;808,8;861,5;880,4
61;0,016944444;304,8;568,1;667,3;808,2;861,1;880,2
61,2;0,017;304,3;567,3;666,6;807,6;860,7;880,1
61,4;0,017055556;303,8;566,8;665,9;807;860,2;880
61,6;0,017111111;303,2;566;665,2;806,4;859,8;879,7
61,8;0,017166667;302,6;565,5;664,3;805,8;859,4;879,5
62;0,017222222;302;564,7;663,7;805,2;859,2;879,3
62,2;0,017277778;301,5;564,1;663;804,7;858,7;879,3
62,4;0,017333333;300,9;563,5;662,1;804,2;858,1;879
62,6;0,017388889;300,4;562,8;661,5;803,6;857,8;878,9
62,8;0,017444444;299,7;562,2;660,9;803,1;857,4;878,7
63;0,0175;299;561,4;660,1;802,5;856,9;878,4
63,2;0,017555556;298,2;561;659,4;802,1;856,4;878,4
63,4;0,017611111;297,6;560,1;658,6;801,6;855,9;878,2
63,6;0,017666667;296,9;559,5;657,9;801,2;855,5;878
63,8;0,017722222;296;558,9;657,3;800,7;855,2;877,9
64;0,017777778;295,1;558,3;656,7;800,1;854,7;877,7
64,2;0,017833333;294,5;557,6;655,8;799,7;854,2;877,4
64,4;0,017888889;293,6;557,1;655,3;799,1;853,8;877,4
64,6;0,017944444;292,8;556,4;654,6;798,5;853,3;877,2
64,8;0,018;292;555,8;653,9;798;852,8;877,1
65;0,018055556;291,2;555,2;653,3;797,3;852,4;876,8
65,2;0,018111111;290,4;554,5;652,7;796,8;851,9;876,7
65,4;0,018166667;289,7;554;651,9;796,3;851,4;876,5
65,6;0,018222222;288,8;553,3;651,3;795,7;850,9;876,4
65,8;0,018277778;288,2;552,7;650,5;795,3;850,3;876,2
66;0,018333333;287,3;552,1;649,8;794,7;850;876
66,2;0,018388889;286,5;551,4;649,1;794;849,5;875,8
66,4;0,018444444;285,6;550,8;648,6;793,5;849,1;875,6
66,6;0,0185;284,7;550,3;647,9;792,9;848,5;875,5
66,8;0,018555556;283,7;549,6;647,2;792,3;848,1;875,3
67;0,018611111;282,7;549;646,5;791,7;847,6;875,2
67,2;0,018666667;281,7;548,4;645,9;791,2;847,2;874,9
67,4;0,018722222;280,8;547,7;645,4;790,6;846,6;874,8
67,6;0,018777778;279,5;547,1;644,6;790;846,1;874,6
67,8;0,018833333;277,8;546,3;643,9;789,4;845,5;874,3
68;0,018888889;275,7;545,7;643,3;788,8;845,3;874,3
68,2;0,018944444;273,4;545;642,7;788,2;844,6;874
68,4;0,019;270,9;544,5;642;787,5;844,2;873,9
68,6;0,019055556;267,3;543,7;641,4;786,9;843,7;873,7
68,8;0,019111111;262,9;543,1;640,8;786,6;843,2;873,5
69;0,019166667;258,3;542,5;640;785,9;842,7;873,4
69,2;0,019222222;253,5;541,7;639,5;785,3;842,2;873,2
69,4;0,019277778;248,7;541,3;638,9;784,7;841,8;872,9
69,6;0,019333333;243,6;540,5;638,3;784,1;841,2;872,9
69,8;0,019388889;238,3;539,7;637,6;783,5;840,7;872,6
70;0,019444444;232,7;539,1;637;783,1;840,2;872,4
70,2;0,0195;227,1;538,5;636,5;782,4;839,7;872,1
70,4;0,019555556;222;537,8;635,8;781,8;839,3;871,9
70,6;0,019611111;217,2;537,2;635,2;781,2;838,7;871,8
70,8;0,019666667;212,8;536,6;634,5;780,7;838,2;871,6
71;0,019722222;209;535,8;634;780,1;837,6;871,5
71,2;0,019777778;205,8;535,4;633,3;779,3;837,1;871,1
71,4;0,019833333;202,6;534,6;632,6;778,8;836,5;871
71,6;0,019888889;200,2;534;632,1;778,3;835,9;870,7
71,8;0,019944444;197,9;533,4;631,5;777,6;835,5;870,5
72;0,02;196;532,8;630,9;777,1;835;870,3
72,2;0,020055556;194,1;532,2;630,3;776,5;834,3;870,1
72,4;0,020111111;192,8;531,5;629,7;775,8;833,9;869,9
72,6;0,020166667;191,6;531;629,2;775,3;833,4;869,8
72,8;0,020222222;190,3;530,4;628,7;774,7;832,8;869,5
73;0,020277778;189;529,8;628;774;832,4;869,1
73,2;0,020333333;187,4;529,2;627,5;773,5;831,9;869
73,4;0,020388889;185,7;528,6;626,9;772,9;831,3;868,8
73,6;0,020444444;183,7;528;626,3;772,2;830,6;868,5
73,8;0,0205;181,5;527,6;625,7;771,8;830,3;868,4
74;0,020555556;178,5;526,9;625,1;771,2;829,7;868,1
74,2;0,020611111;175,4;526,5;624,6;770,6;829,1;867,9
74,4;0,020666667;172,2;525,9;623,9;769,8;828,7;867,6
74,6;0,020722222;168,9;525,3;623,5;769,2;828,1;867,3
74,8;0,020777778;166;524,9;622,7;768,6;827,6;867
75;0,020833333;163,1;524,3;622,3;768,1;827,1;866,8
75,2;0,020888889;160,3;523,6;621,8;767,6;826,6;866,5
75,4;0,020944444;157,3;523,2;621,1;767;826;866,2
75,6;0,021;155,1;522,6;620,6;766,3;825,5;866,1
75,8;0,021055556;153,1;522,1;620,1;765,7;824,9;865,7
76;0,021111111;151,1;521,5;619,6;765,3;824,3;865,6
76,2;0,021166667;148,4;521,1;618,9;764,6;823,9;865,3
76,4;0,021222222;146,4;520,5;618,4;764;823,3;864,8
76,6;0,021277778;144,4;520;617,9;763,4;823;864,8
76,8;0,021333333;142,5;519,6;617,2;762,8;822,5;864,4
77;0,021388889;140,6;519,1;616,8;762,3;821,8;864,2
77,2;0,021444444;138,9;518,7;616,1;761,6;821,5;863,8
77,4;0,0215;137,5;518,1;615,7;761;820,9;863,6
77,6;0,021555556;135,9;517,6;615,3;760,4;820,3;863,4
77,8;0,021611111;134,8;517,1;614,7;759,9;819,8;863
78;0,021666667;133,7;516,6;614;759,1;819,2;862,8
78,2;0,021722222;132,5;516,1;613,6;758,8;818,8;862,5
78,4;0,021777778;131,1;515,6;613,1;758,1;818,2;862,2
78,6;0,021833333;130,2;515,2;612,6;757,6;817,8;861,9
78,8;0,021888889;129,4;514,5;612;756,8;817,2;861,6
79;0,021944444;128,8;514,2;611,5;756,5;816,6;861,3
79,2;0,022;128,3;513,7;611;755,7;816,2;861
79,4;0,022055556;128,2;513,2;610,5;755,1;815,7;860,6
79,6;0,022111111;128,1;512,7;609,9;754,5;815,3;860,3
79,8;0,022166667;128,5;512,3;609,4;754;814,7;860
80;0,022222222;128,9;511,9;608,8;753,4;814,2;859,8
80,2;0,022277778;129,6;511,4;608,2;752,8;813,6;859,4
80,4;0,022333333;130,4;511;607,8;752,2;813,2;859,2
80,6;0,022388889;131,3;510,4;607,4;751,7;812,5;858,7
80,8;0,022444444;132,6;510;606,9;751,1;812;858,4
81;0,0225;133,5;509,5;606,3;750,4;811,6;858,1
81,2;0,022555556;135;509,1;605,8;749,9;811;857,6
81,4;0,022611111;136,1;508,7;605,3;749,3;810,5;857,4
81,6;0,022666667;137,4;508,2;604,8;748,8;810;857
81,8;0,022722222;138,8;507,7;604,4;748,1;809,5;856,8
82;0,022777778;140;507,3;603,9;747,7;809;856,4
82,2;0,022833333;141,3;506,8;603,4;747,1;808,6;856
82,4;0,022888889;142,3;506,5;602,8;746,3;808;855,7
82,6;0,022944444;143,4;506,1;602,4;745,9;807,5;855,3
82,8;0,023;144,6;505,7;601,9;745,4;806,9;854,9
83;0,023055556;145,7;505,1;601,3;744,8;806,4;854,6
83,2;0,023111111;146,7;504,8;600,9;744,3;805,8;854,2
83,4;0,023166667;147,7;504,3;600,3;743,7;805,4;853,8
83,6;0,023222222;148,9;503,9;599,8;743,1;804,8;853,5
83,8;0,023277778;150,1;503,5;599,3;742,5;804,2;853,2
84;0,023333333;151,2;503;598,9;742;803,8;852,8
84,2;0,023388889;152,4;502,6;598,2;741,4;803,3;852,3
84,4;0,023444444;153,7;502,1;597,8;741;802,7;852
84,6;0,0235;155,1;501,7;597,4;740,4;802,3;851,5
84,8;0,023555556;156,7;501,4;596,8;739,8;801,7;851,2
85;0,023611111;158,6;500,9;596,4;739,4;801,2;850,9
85,2;0,023666667;160,6;500,5;595,9;738,7;800,4;850,4
85,4;0,023722222;163,4;500,1;595,3;738,3;800;850
85,6;0,023777778;166;499,7;594,9;737,8;799,5;849,5
85,8;0,023833333;169,1;499,2;594,5;737,1;799;849,2
86;0,023888889;172,2;498,8;594;736,6;798,5;848,9
86,2;0,023944444;175,6;498,4;593,5;736,1;797,9;848,5
86,4;0,024;178,9;498,1;593;735,6;797,4;848
86,6;0,024055556;182,4;497,6;592,6;735;797;847,5
86,8;0,024111111;185,6;497,2;592,1;734,5;796,3;847,2
87;0,024166667;188,8;496,7;591,5;734,1;795,8;846,9
87,2;0,024222222;192,1;496,4;591,1;733,4;795,2;846,3
87,4;0,024277778;195,2;496,1;590,6;733;794,7;846
87,6;0,024333333;198,3;495,7;590,1;732,4;794,2;845,7
87,8;0,024388889;201,2;495,2;589,8;731,9;793,7;845,3
88;0,024444444;204,1;494,7;589,3;731,5;793,3;844,9
88,2;0,0245;206,9;494,4;588,8;730,8;792,7;844,4
88,4;0,024555556;209,5;494;588,2;730,4;792,2;844,2
88,6;0,024611111;212,1;493,6;587,9;729,9;791,7;843,5
88,8;0,024666667;214,6;493,3;587,4;729,3;791,2;843,2
89;0,024722222;216,9;492,7;586,8;728,8;790,8;842,8
89,2;0,024777778;219;492,4;586,5;728,4;790,2;842,4
89,4;0,024833333;221,2;492;586,1;727,8;789,6;841,9
89,6;0,024888889;223,2;491,6;585,5;727,3;789,1;841,6
89,8;0,024944444;225,1;491,2;585;726,8;788,6;841,1
90;0,025;227;490,9;584,6;726,3;788;840,7
90,2;0,025055556;228,7;490,5;584,2;725,8;787,7;840,3
90,4;0,025111111;230,4;490,1;583,8;725,2;787,1;839,9
90,6;0,025166667;232,1;489,7;583,1;724,7;786,8;839,4
90,8;0,025222222;233,5;489,4;582,9;724,2;786,3;839
91;0,025277778;235,1;488,9;582,3;723,7;785,6;838,6
91,2;0,025333333;236,5;488,6;581,9;723,3;785,1;838,2
91,4;0,025388889;237,8;488,2;581,3;722,7;784,5;837,7
91,6;0,025444444;238,9;487,9;581;722,2;784,2;837,3
91,8;0,0255;240,3;487,4;580,5;721,7;783,6;837,1
92;0,025555556;241,4;487;580,1;721,2;783,1;836,5
92,2;0,025611111;242,4;486,6;579,6;720,9;782,7;836,1
92,4;0,025666667;243,6;486,3;579,1;720,2;782,3;835,7
92,6;0,025722222;244,6;485,8;578,7;719,7;781,7;835,3
92,8;0,025777778;245,4;485,5;578,2;719,3;781,2;834,9
93;0,025833333;246,4;485;577,8;718,7;780,7;834,4
93,2;0,025888889;247,3;484,7;577,5;718,3;780,2;834,1
93,4;0,025944444;248;484,2;577;717,8;779,8;833,6
93,6;0,026;248,8;483,9;576,5;717,3;779,2;833,1
93,8;0,026055556;249,5;483,5;576,1;716,7;778,9;832,7
94;0,026111111;250,2;483,1;575,7;716,2;778,4;832,3
94,2;0,026166667;250,9;482,8;575,2;715,8;777,9;832
94,4;0,026222222;251,5;482,4;574,9;715,3;777,4;831,5
94,6;0,026277778;252,1;482;574,4;714,7;777;830,9
94,8;0,026333333;252,6;481,6;574,1;714,3;776,6;830,4
95;0,026388889;253,3;481,3;573,5;713,9;776,2;830
95,2;0,026444444;253,8;480,8;573,1;713,2;775,5;829,6
95,4;0,0265;254,3;480,6;572,8;712,8;775,1;829,3
95,6;0,026555556;254,9;480,2;572,2;712,4;774,7;828,9
95,8;0,026611111;255,3;479,8;571,9;711,8;774,1;828,3
96;0,026666667;255,8;479,4;571,2;711,4;773,7;827,9
96,2;0,026722222;256,1;479,1;571;710,7;773,2;827,4
96,4;0,026777778;256,6;478,7;570,6;710,4;772,7;826,9
96,6;0,026833333;257,1;478,3;570,1;710;772,2;826,6
96,8;0,026888889;257,4;478;569,9;709,4;771,8;826,2
97;0,026944444;257,8;477,5;569,2;708,8;771,2;825,6
97,2;0,027;258;477,3;569;708,5;770,8;825,2
97,4;0,027055556;258,2;476,7;568,5;708;770,5;824,8
97,6;0,027111111;258,7;476,5;567,9;707,6;769,8;824,2
97,8;0,027166667;258,9;476,2;567,7;707,1;769,4;823,8
98;0,027222222;259,1;475,7;567,2;706,6;768,9;823,3
98,2;0,027277778;259,4;475,4;566,8;706;768,4;823
98,4;0,027333333;259,5;475;566,4;705,6;768,1;822,6
98,6;0,027388889;259,7;474,8;566;705,1;767,4;822,2
98,8;0,027444444;260;474,3;565,5;704,5;767,2;821,8
99;0,0275;260,1;474;565;704,2;766,6;821,3
99,2;0,027555556;260,3;473,7;564,7;703,6;766,1;820,9
99,4;0,027611111;260,5;473,5;564,2;703,2;765,7;820,4
99,6;0,027666667;260,6;473;563,9;702,8;765,2;819,8
99,8;0,027722222;260,6;472,6;563,5;702,3;764,8;819,5
100;0,027777778;260,8;472,2;563;701,8;764,3;819,1
100,2;0,027833333;261,1;471,9;562,7;701,2;763,6;818,6
100,4;0,027888889;261;471,4;562,2;700,9;763,3;818,1
100,6;0,027944444;261,1;471,3;561,8;700,4;762,9;817,7
100,8;0,028;261,2;470,8;561,3;700;762,4;817,4
101;0,028055556;261,4;470,4;561;699,5;761,9;816,9
101,2;0,028111111;261,4;470,1;560,5;699,2;761,3;816,5
101,4;0,028166667;261,6;469,7;560,2;698,5;761,1;816
101,6;0,028222222;261,6;469,4;559,9;698,2;760,5;815,7
101,8;0,028277778;261,6;469,1;559,3;697,6;760,1;815,3
102;0,028333333;261,8;468,7;558,8;697,2;759,6;814,8
102,2;0,028388889;261,8;468,4;558,5;696,8;759,3;814,4
102,4;0,028444444;261,7;468;558,1;696,2;758,8;813,9
102,6;0,0285;261,8;467,6;557,6;695,7;758,4;813,5
102,8;0,028555556;261,7;467,3;557,2;695,4;757,8;813
103;0,028611111;261,8;466,9;556,9;694,9;757,3;812,6
103,2;0,028666667;261,9;466,6;556,4;694,3;756,9;812,3
103,4;0,028722222;261,9;466,3;556;694;756,3;811,8
103,6;0,028777778;261,9;466,1;555,6;693,5;756;811,3
103,8;0,028833333;261,8;465,7;555,3;693,2;755,6;810,9
104;0,028888889;261,8;465,2;554,8;692,6;755,2;810,4
104,2;0,028944444;261,8;465;554,6;692,2;754,7;810,1
104,4;0,029;261,8;464,7;553,9;691,6;754,2;809,7
104,6;0,029055556;261,8;464,3;553,6;691,2;753,7;809,1
104,8;0,029111111;261,8;464;553,1;690,8;753,2;808,7
105;0,029166667;261,8;463,7;553;690,4;752,9;808,3
105,2;0,029222222;261,9;463,3;552,6;689,8;752,4;808
105,4;0,029277778;261,8;462,8;552,2;689,4;751,8;807,5
105,6;0,029333333;261,7;462,7;551,8;689;751,5;807,1
105,8;0,029388889;261,8;462;551,3;688,6;750,9;806,7
106;0,029444444;261,7;461,9;551;688,1;750,6;806,3
106,2;0,0295;261,7;461,5;550,7;687,8;750,1;805,7
106,4;0,029555556;261,6;461,2;550,3;687,3;749,7;805,5
106,6;0,029611111;261,7;461;549,9;686,8;749,2;805
106,8;0,029666667;261,4;460,5;549,6;686,3;748,9;804,7
107;0,029722222;261,6;460,3;549,2;685,9;748,5;804,3
107,2;0,029777778;261,5;459,9;548,9;685,5;748;803,6
107,4;0,029833333;261,5;459,3;548,5;685,1;747,5;803,3
107,6;0,029888889;261,3;459,2;548,1;684,6;747,1;802,8
107,8;0,029944444;261,4;458,9;547,6;684,2;746,6;802,4
108;0,03;261;458,5;547,2;683,8;746,1;802,1
108,2;0,030055556;261;458,1;547;683,3;745,8;801,8
108,4;0,030111111;261,1;457,8;546,6;682,8;745,4;801,2
108,6;0,030166667;261;457,5;546,2;682,4;745;800,9
108,8;0,030222222;260,8;457,1;545,8;682,1;744,6;800,4
109;0,030277778;260,8;456,8;545,5;681,5;744,1;800
109,2;0,030333333;260,6;456,5;545,1;681,2;743,7;799,6
109,4;0,030388889;260,7;456,2;544,7;680,8;743,1;799,3
109,6;0,030444444;260,5;455,8;544,4;680,1;742,9;798,8
109,8;0,0305;260,4;455,5;543,9;679,9;742,5;798,5
110;0,030555556;260,3;455,1;543,6;679,3;742;797,9
110,2;0,030611111;260,2;454,8;543,3;679;741,6;797,7
110,4;0,030666667;260,1;454,4;542,9;678,5;741,2;797,2
110,6;0,030722222;260,1;454,1;542,4;678,2;740,8;796,9
110,8;0,030777778;259,9;453,9;542,2;677,6;740,4;796,3
111;0,030833333;259,6;453,5;541,6;677,3;739,9;795,8
111,2;0,030888889;259,6;453,2;541,4;676,8;739,5;795,3
111,4;0,030944444;259,5;452,9;541,1;676,4;739,1;795,1
111,6;0,031;259,2;452,4;540,7;675,9;738,5;794,8
111,8;0,031055556;259,2;452,2;540,2;675,4;738,2;794,5
112;0,031111111;259,2;451,9;539,9;675,1;737,8;793,9
112,2;0,031166667;259;451,5;539,5;674,5;737,5;793,5
112,4;0,031222222;258,9;451,1;539,1;674,2;737,2;793,1
112,6;0,031277778;258,8;450,8;538,8;673,8;736,6;792,6
112,8;0,031333333;258,7;450,6;538,5;673,4;736,2;792,3
113;0,031388889;258,7;450,3;538,3;673;735,6;792
113,2;0,031444444;258,5;449,9;537,9;672,5;735,3;791,5
113,4;0,0315;258,4;449,5;537,4;672;734,9;791,1
113,6;0,031555556;258,1;449,3;537;671,6;734,5;790,7
113,8;0,031611111;258;449;536,7;671,2;734;790,3
114;0,031666667;257,8;448,7;536,5;670,7;733,8;789,7
114,2;0,031722222;257,6;448,2;536;670,2;733,3;789,4
114,4;0,031777778;257,5;448;535,8;669,9;733;789
114,6;0,031833333;257,4;447,8;535,4;669,5;732,5;788,6
114,8;0,031888889;257,3;447,5;535;669;732;788,2
115;0,031944444;257,1;447,3;534,6;668,7;731,6;787,9
115,2;0,032;256,9;446,9;534,3;668,1;731;787,3
115,4;0,032055556;256,8;446,7;533,8;667,8;730,9;786,8
115,6;0,032111111;256,7;446,2;533,6;667,3;730,4;786,5
115,8;0,032166667;256,7;445,9;533,2;666,9;730;786,1
116;0,032222222;256,5;445,6;532,8;666,5;729,5;785,6
116,2;0,032277778;256,4;445,4;532,5;666,3;729;785,1
116,4;0,032333333;256,4;445,1;532,2;665,8;728,7;784,8
116,6;0,032388889;256,1;444,6;532;665,3;728,2;784,3
116,8;0,032444444;255,9;444,4;531,5;664,9;727,8;783,9
117;0,0325;255,9;444,2;531;664,4;727,4;783,4
117,2;0,032555556;255,8;443,8;530,7;664;727;783
117,4;0,032611111;255,8;443,6;530,4;663,7;726,6;782,6
117,6;0,032666667;255,6;443,3;530,1;663,4;726,2;782,2
117,8;0,032722222;255,5;442,9;529,7;662,8;725,8;781,8
118;0,032777778;255,3;442,6;529,5;662,5;725,4;781,2
118,2;0,032833333;255,2;442,4;528,9;661,9;725,1;780,9
118,4;0,032888889;255;442,1;528,6;661,5;724,5;780,6
118,6;0,032944444;254,9;441,7;528,2;661,3;724,2;780,1
118,8;0,033;254,8;441,5;527,9;660,9;723,7;779,5
119;0,033055556;254,7;441,2;527,6;660,4;723,4;779,2
119,2;0,033111111;254,4;440,7;527,2;660,2;723;778,8
119,4;0,033166667;254,5;440,7;527;659,7;722,5;778,3
119,6;0,033222222;254,4;440,1;526,6;659,3;722,1;778,1
119,8;0,033277778;254,4;439,8;526,2;658,9;721,7;777,4
120;0,033333333;254,1;439,6;526;658,5;721,2;777,2
120,2;0,033388889;253,8;439,2;525,6;658,1;721;776,6
120,4;0,033444444;253,7;438,8;525,3;657,6;720,5;776,4
120,6;0,0335;253,6;438,7;524,8;657,2;720,3;775,9
120,8;0,033555556;253,4;438,2;524,4;656,9;719,6;775,5
121;0,033611111;253,3;438,1;524,2;656,5;719,4;775,2
121,2;0,033666667;253,2;437,8;523,8;656,4;719,1;774,6
121,4;0,033722222;253,1;437,3;523,3;655,7;718,5;774,2
121,6;0,033777778;252,9;437,2;523;655,4;718,3;773,8
121,8;0,033833333;252,8;436,7;522,5;654,9;717,8;773,4
122;0,033888889;252,7;436,7;522,5;654,6;717,4;773
122,2;0,033944444;252,5;436,3;522,1;654,2;717,1;772,6
122,4;0,034;252,4;436;521,7;653,9;716,7;772,2
122,6;0,034055556;252,3;435,8;521,3;653,4;716,3;771,7
122,8;0,034111111;252,2;435,5;521;653,1;716;771,5
123;0,034166667;252;435,2;520,6;652,7;715,5;770,9
123,2;0,034222222;251,8;434,9;520,3;652,4;715,2;770,7
123,4;0,034277778;251,7;434,5;519,8;651,9;714,6;770,1
123,6;0,034333333;251,6;434,3;519,6;651,6;714,3;769,8
123,8;0,034388889;251,5;434;519,4;651,1;714,2;769,5
124;0,034444444;251,2;433,7;518,9;650,8;713,5;769,1
124,2;0,0345;251,1;433,4;518,5;650,5;713,2;768,6
124,4;0,034555556;250,9;433,1;518,2;650,1;713;768,3
124,6;0,034611111;250,8;432,9;517,9;649,8;712,6;767,8
124,8;0,034666667;250,7;432,5;517,6;649,3;712,1;767,4
125;0,034722222;250,5;432,3;517,2;649;711,7;767,1
125,2;0,034777778;250,3;431,9;516,8;648,6;711,3;766,7
125,4;0,034833333;250,3;431,7;516,6;648,1;710,9;766,2
125,6;0,034888889;250,2;431,4;516,3;647,8;710,7;765,7
125,8;0,034944444;250;431,1;515,7;647,6;710,3;765,4
126;0,035;249,9;430,7;515,4;647,2;709,8;765,1
126,2;0,035055556;249,6;430,5;515,2;646,7;709,4;764,8
126,4;0,035111111;249,6;430,2;514,9;646,5;709,1;764,2
126,6;0,035166667;249,4;430;514,4;646;708,7;763,8
126,8;0,035222222;249,4;429,6;514,1;645,6;708,5;763,4
127;0,035277778;249,1;429,3;513,7;645,3;707,9;763
127,2;0,035333333;248,8;429;513,3;644,9;707,6;762,7
127,4;0,035388889;248,9;428,8;513,1;644,5;707,2;762,2
127,6;0,035444444;248,8;428,5;512,7;644,2;706,8;761,9
127,8;0,0355;248,6;428,3;512,3;643,8;706,4;761,4
128;0,035555556;248,4;427,9;512,1;643,5;706;761,1
128,2;0,035611111;248,1;427,6;511,7;643,1;705,8;760,6
128,4;0,035666667;247,9;427,2;511,3;642,8;705,3;760,3
128,6;0,035722222;247,7;427,1;510,9;642,3;705;759,9
128,8;0,035777778;247,8;426,7;510,6;642,1;704,5;759,7
129;0,035833333;247,5;426,5;510,2;641,8;704,2;759,3
129,2;0,035888889;247,4;426,3;510;641,3;703,7;758,9
129,4;0,035944444;247,3;426;509,8;641;703,6;758,4
129,6;0,036;247;425,7;509,4;640,6;703,1;758
129,8;0,036055556;247;425,4;508,9;640,3;702,8;757,6
130;0,036111111;246,7;425,1;508,6;640;702,3;757,3
130,2;0,036166667;246,6;425;508,2;639,5;702;756,9
130,4;0,036222222;246,4;424,7;508;639,3;701,6;756,6
130,6;0,036277778;246,3;424,3;507,7;638,8;701,2;756,1
130,8;0,036333333;246,1;424;507,3;638,5;700,7;755,8
131;0,036388889;245,9;423,7;507,1;638,2;700,5;755,3
131,2;0,036444444;245,8;423,5;506,7;637,8;700,1;755,1
131,4;0,0365;245,7;423,2;506,3;637,5;699,7;754,6
131,6;0,036555556;245,6;422,8;506;637;699,4;754,3
131,8;0,036611111;245,4;422,8;505,7;636,7;699;753,8
132;0,036666667;245,2;422,4;505,3;636,3;698,7;753,5
132,2;0,036722222;245,1;422,1;505;636,1;698,4;753,1
132,4;0,036777778;244,7;421,9;504,5;635,5;697,9;752,7
132,6;0,036833333;244,5;421,6;504,4;635,4;697,5;752,4
132,8;0,036888889;244,4;421,3;504,1;634,8;697,2;752
133;0,036944444;244,3;421,1;504;634,6;696,7;751,5
133,2;0,037;244,1;420,6;503,4;634,3;696,5;751,2
133,4;0,037055556;244,1;420,5;503,1;634;696,2;750,9
133,6;0,037111111;243,8;420,3;502,8;633,6;695,6;750,4
133,8;0,037166667;243,6;419,9;502,5;633,3;695,2;750,1
134;0,037222222;243,5;419,7;502,1;632,8;694,9;749,7
134,2;0,037277778;243,2;419,4;501,8;632,4;694,5;749,4
134,4;0,037333333;243,2;419,1;501,5;632,3;694,2;748,9
134,6;0,037388889;242,9;418,9;501,3;631,8;693,9;748,6
134,8;0,037444444;242,8;418,6;500,9;631,4;693,5;748,2
135;0,0375;242,6;418,3;500,6;631;693;747,8
135,2;0,037555556;242,5;418,1;500,3;630,7;692,6;747,5
135,4;0,037611111;242,3;417,8;500,1;630,4;692,3;746,9
135,6;0,037666667;242,3;417,5;499,8;630,1;691,9;746,7
135,8;0,037722222;242,1;417,2;499,4;629,7;691,5;746,2
136;0,037777778;241,9;417,1;499,3;629,4;691,1;746
136,2;0,037833333;241,7;416,8;498,9;629,1;690,8;745,6
136,4;0,037888889;241,6;416,4;498,6;628,6;690,3;745,3
136,6;0,037944444;241,7;416,1;498,3;628,3;690,1;744,8
136,8;0,038;241,3;415,9;498;627,9;689,6;744,4
137;0,038055556;241,2;415,6;497,7;627,7;689,4;744,1
137,2;0,038111111;241,1;415,3;497,4;627,3;689;743,6
137,4;0,038166667;241;415,1;497;627;688,5;743,3
137,6;0,038222222;240,7;414,7;496,8;626,5;688,3;742,8
137,8;0,038277778;240,7;414,6;496,5;626,2;687,9;742,5
138;0,038333333;240,5;414,3;496,2;625,9;687,4;742,1
138,2;0,038388889;240,4;414;495,9;625,6;687,1;741,7
138,4;0,038444444;240,1;413,6;495,6;625,2;686,6;741,4
138,6;0,0385;240,1;413,4;495,3;624,8;686,3;741
138,8;0,038555556;239,9;413,1;495;624,4;686;740,6
139;0,038611111;239,9;413;494,7;624,2;685,5;740,2
139,2;0,038666667;239,7;412,7;494,3;623,8;685,3;739,8
139,4;0,038722222;239,6;412,3;494,1;623,5;684,8;739,5
139,6;0,038777778;239,2;412,1;493,9;623,1;684,4;739,1
139,8;0,038833333;239,1;411,7;493,6;622,7;684,1;738,6
140;0,038888889;238,9;411,6;493,3;622,4;683,8;738,3
140,2;0,038944444;238,8;411,4;493,1;622,1;683,4;737,9
140,4;0,039;238,6;411,1;492,6;621,7;683;737,5
140,6;0,039055556;238,6;410,7;492,4;621,4;682,7;737,2
140,8;0,039111111;238,2;410,6;492,1;621,1;682,3;736,8
141;0,039166667;238,1;410,2;491,7;620,8;681,9;736,4
141,2;0,039222222;237,9;410;491,6;620,4;681,6;736
141,4;0,039277778;237,8;409,7;491,1;620,1;681,2;735,6
141,6;0,039333333;237,8;409,5;491;619,8;680,9;735,2
141,8;0,039388889;237,4;409;490,8;619,3;680,6;735
142;0,039444444;237,4;408,8;490,3;619;680,3;734,6
142,2;0,0395;237,2;408,4;490,1;618,7;679,9;734,2
142,4;0,039555556;237,2;408,4;489,6;618,3;679,6;733,8
142,6;0,039611111;237;408;489,5;618;679,2;733,4
142,8;0,039666667;236,8;408;489,2;617,7;678,9;732,9
143;0,039722222;236,7;407,5;488,7;617,2;678,5;732,5
143,2;0,039777778;236,5;407,4;488,5;616,9;678,1;732,3
143,4;0,039833333;236,3;406,9;488,2;616,6;677,9;731,9
143,6;0,039888889;236,2;406,7;487,8;616,3;677,4;731,6
143,8;0,039944444;236,2;406,4;487,6;616;677,1;731,1
144;0,04;235,9;406,1;487,3;615,5;676,8;730,8
144,2;0,040055556;235,8;405,9;487;615,3;676,4;730,4
144,4;0,040111111;235,7;405,7;486,9;615;676,2;730
144,6;0,040166667;235,6;405,4;486,4;614,7;675,8;729,7
144,8;0,040222222;235,4;405,2;486,1;614,1;675,4;729,4
145;0,040277778;235,5;404,9;485,9;613,9;675;729
145,2;0,040333333;235,2;404,7;485,6;613,5;674,6;728,5
145,4;0,040388889;235;404,4;485,2;613,3;674,5;728,2
145,6;0,040444444;235,1;404,1;485,1;612,9;674;727,9
145,8;0,0405;234,9;404;484,8;612,7;673,7;727,5
146;0,040555556;234,6;403,8;484,5;612,3;673,4;727,2
146,2;0,040611111;234,6;403,4;484,3;612;673,1;726,9
146,4;0,040666667;234,5;403,2;483,8;611,7;672,7;726,5
146,6;0,040722222;234,2;402,9;483,6;611,3;672,2;726,2
146,8;0,040777778;234,1;402,7;483,2;611;671,9;725,7
147;0,040833333;234,1;402,2;483,1;610,7;671,6;725,4
147,2;0,040888889;233,9;402;482,8;610,4;671,3;725,2
147,4;0,040944444;233,8;401,9;482,5;609,9;670,9;724,7
147,6;0,041;233,7;401,6;482,2;609,7;670,6;724,4
147,8;0,041055556;233,6;401,4;481,9;609,3;670,4;723,9
148;0,041111111;233,5;401,2;481,5;609,1;670;723,7
148,2;0,041166667;233,4;400,9;481,3;608,8;669,6;723,3
148,4;0,041222222;233,2;400,6;481;608,4;669,2;723
148,6;0,041277778;233;400,4;480,8;608;668,9;722,5
148,8;0,041333333;233;400,1;480,6;607,8;668,6;722,3
149;0,041388889;233;399,8;480,2;607,4;668,4;721,9
149,2;0,041444444;232,8;399,7;480;607,2;667,9;721,5
149,4;0,0415;232,7;399,4;479,6;606,8;667,7;721,1
149,6;0,041555556;232,6;399,2;479,5;606,5;667,3;720,9
149,8;0,041611111;232,4;398,9;479;606,2;666,9;720,4
150;0,041666667;232,3;398,6;479;605,9;666,5;720,1
150,2;0,041722222;232,2;398,4;478,5;605,6;666,2;719,7
150,4;0,041777778;231,9;398,2;478,3;605,2;665,9;719,3
150,6;0,041833333;232;398;477,9;604,9;665,5;719
150,8;0,041888889;232;397,6;477,6;604,7;665,1;718,6
151;0,041944444;231,7;397,5;477,4;604,4;664,8;718,4
151,2;0,042;231,5;397,1;477,1;604;664,7;718,1
151,4;0,042055556;231,5;397,1;476,9;603,8;664,2;717,8
151,6;0,042111111;231,2;396,8;476,6;603,3;663,9;717,1
151,8;0,042166667;231,3;396,5;476,3;603,1;663,7;716,8
152;0,042222222;231,2;396,3;476,1;602,7;663,3;716,5
152,2;0,042277778;230,9;396;475,8;602,4;662,9;716,2
152,4;0,042333333;231;395,8;475,5;602,1;662,6;715,9
152,6;0,042388889;230,6;395,5;475,3;601,8;662,2;715,5
152,8;0,042444444;230,7;395,1;475;601,4;661,9;715,1
153;0,0425;230,5;395,1;474,8;601,3;661,5;714,7
153,2;0,042555556;230,5;394,7;474,4;600,8;661,3;714,3
153,4;0,042611111;230,2;394,5;474,3;600,6;660,9;714
153,6;0,042666667;230,4;394,4;473,8;600,1;660,6;713,8
153,8;0,042722222;230,1;394;473,7;599,9;660,3;713,3
154;0,042777778;229,8;393,8;473,3;599,6;659,9;712,9
154,2;0,042833333;229,7;393,6;473,1;599,3;659,6;712,6
154,4;0,042888889;229,6;393,3;472,8;599;659,3;712,2
154,6;0,042944444;229,5;393;472,6;598,5;658,9;711,9
154,8;0,043;229,4;392,9;472,3;598,4;658,6;711,6
155;0,043055556;229,2;392,8;472;598,1;658,4;711,1
155,2;0,043111111;229,1;392,5;471,7;597,7;657,9;710,8
155,4;0,043166667;229;392,3;471,5;597,5;657,6;710,5
155,6;0,043222222;229;392;471,3;597;657,3;710,2
155,8;0,043277778;228,7;391,7;471;596,8;656,9;709,6
156;0,043333333;228,6;391,5;470,9;596,5;656,6;709,5
156,2;0,043388889;228,4;391,3;470,5;596,1;656,3;709
156,4;0,043444444;228,2;391;470,3;595,8;655,9;708,5
156,6;0,0435;228,2;390,8;469,9;595,6;655,7;708,3
156,8;0,043555556;228;390,5;469,8;595,3;655,4;707,9
157;0,043611111;227,9;390,3;469,4;594,9;655;707,5
157,2;0,043666667;227,8;390,1;469,3;594,6;654,6;707,2
157,4;0,043722222;227,6;389,8;469;594,3;654,2;706,8
157,6;0,043777778;227,5;389,7;468,9;594;653,9;706,6
157,8;0,043833333;227,3;389,4;468,6;593,8;653,7;706,2
158;0,043888889;227,2;389,1;468,3;593,3;653,2;705,8
158,2;0,043944444;227,1;389;468;593,1;653;705,4
158,4;0,044;227;388,6;467,8;592,8;652,8;705,1
158,6;0,044055556;226,9;388,4;467,5;592,4;652,3;704,7
158,8;0,044111111;226,7;388,2;467,3;592,2;652;704,3
159;0,044166667;226,5;388,1;467;591,9;651,7;704
159,2;0,044222222;226,2;387,8;466,7;591,6;651,3;703,6
159,4;0,044277778;226,3;387,5;466,6;591,2;651;703,3
159,6;0,044333333;226,2;387,4;466,2;590,9;650,7;703
159,8;0,044388889;225,9;387,2;466,2;590,5;650,5;702,5
160;0,044444444;225,7;386,9;465,8;590,4;650;702,1
160,2;0,0445;225,6;386,7;465,6;590,1;649,8;701,9
160,4;0,044555556;225,4;386,4;465,3;589,8;649,3;701,4
160,6;0,044611111;225,3;386,2;465;589,6;648,9;701,1
160,8;0,044666667;225,2;386;464,8;589,2;648,7;700,8
161;0,044722222;225,1;385,7;464,5;588,9;648,4;700,5
161,2;0,044777778;224,9;385,4;464,3;588,6;648,2;699,9
161,4;0,044833333;224,8;385,2;464;588,2;647,7;699,7
161,6;0,044888889;224,5;385;463,7;588;647,5;699,4
161,8;0,044944444;224,4;384,7;463,6;587,8;647,1;699,1
162;0,045;224,3;384,6;463,3;587,5;646,8;698,6
162,2;0,045055556;224,2;384,3;462,9;587,1;646,6;698,4
162,4;0,045111111;224,1;384,2;462,7;586,9;646,1;697,9
162,6;0,045166667;223,8;384;462,5;586,4;645,8;697,5
162,8;0,045222222;223,8;383,7;462,3;586,3;645,5;697,3
163;0,045277778;223,4;383,5;462;585,9;645,2;696,9
163,2;0,045333333;223,4;383,3;461,8;585,6;644,8;696,6
163,4;0,045388889;223,4;382,9;461,5;585,3;644,6;696,1
163,6;0,045444444;223,1;382,7;461,2;585,1;644,1;695,9
163,8;0,0455;223,1;382,6;460,9;584,8;643,8;695,5
164;0,045555556;222,9;382,4;460,6;584,3;643,6;695,3
164,2;0,045611111;222,9;382,2;460,4;584,2;643,2;694,8
164,4;0,045666667;222,9;382;460,2;583,8;642,9;694,4
164,6;0,045722222;222,7;381,6;459,9;583,6;642,5;694,1
164,8;0,045777778;222,5;381,5;459,8;583,3;642,2;693,8
165;0,045833333;222,3;381,3;459,3;583;641,8;693,6
165,2;0,045888889;222,3;381,1;459,1;582,7;641,4;693,2
165,4;0,045944444;222,2;380,9;458,8;582,4;641,3;692,7
165,6;0,046;222;380,7;458,6;582,1;640,9;692,5
165,8;0,046055556;221,9;380,4;458,4;581,8;640,6;692,1
166;0,046111111;221,9;380,2;458,2;581,5;640,2;691,8
166,2;0,046166667;221,7;380,1;457,8;581,2;640,1;691,4
166,4;0,046222222;221,5;379,8;457,6;580,9;639,7;691
166,6;0,046277778;221,6;379,6;457,4;580,6;639,3;690,6
166,8;0,046333333;221,5;379,4;457,2;580,3;639,1;690,5
167;0,046388889;221,4;379,3;456,9;580;638,6;690
167,2;0,046444444;221,2;379;456,7;579,8;638,2;689,6
167,4;0,0465;221;378,9;456,4;579,5;638;689,3
167,6;0,046555556;221,1;378,7;456,2;579,1;637,7;689
167,8;0,046611111;221;378,5;455,9;578,9;637,4;688,8
168;0,046666667;220,8;378,3;455,6;578,7;637,1;688,3
168,2;0,046722222;220,6;378,2;455,4;578,4;636,8;688,1
168,4;0,046777778;220,5;377,8;455,3;578;636,6;687,7
168,6;0,046833333;220,5;377,7;455;577,8;636,1;687,4
168,8;0,046888889;220,4;377,5;454,8;577,6;635,8;687
169;0,046944444;220,3;377,2;454,4;577,4;635,5;686,7
169,2;0,047;220;377,1;454,2;576,9;635,2;686,4
169,4;0,047055556;220,1;376,8;454;576,6;634,9;686
169,6;0,047111111;219,9;376,8;453,8;576,4;634,7;685,7
169,8;0,047166667;219,9;376,5;453,4;576;634,3;685,2
170;0,047222222;219,8;376,3;453,3;575,7;634;684,9
170,2;0,047277778;219,6;376,1;453;575,5;633,6;684,6
170,4;0,047333333;219,6;375,8;452,8;575,2;633,3;684,1
170,6;0,047388889;219,4;375,9;452,5;574,9;633,1;683,9
170,8;0,047444444;219,2;375,5;452,2;574,6;632,7;683,5
171;0,0475;219,2;375,3;452,1;574,4;632,3;683,2
171,2;0,047555556;219;375,1;451,8;574,1;632,2;682,9
171,4;0,047611111;219;374,9;451,4;573,6;631,6;682,6
171,6;0,047666667;218,8;374,7;451,2;573,5;631,4;682,2
171,8;0,047722222;218,7;374,5;451,1;573,2;631,3;681,7
172;0,047777778;218,7;374,2;450,7;572,8;630,9;681,4
172,2;0,047833333;218,6;374;450,5;572,6;630,6;681,1
172,4;0,047888889;218,4;373,9;450,4;572,2;630,2;680,7
172,6;0,047944444;218,3;373,6;450,1;572;629,9;680,4
172,8;0,048;218,2;373,5;449,8;571,7;629,6;680
173;0,048055556;218,1;373,2;449,5;571,3;629,3;679,8
173,2;0,048111111;218;373;449,3;571;629;679,4
173,4;0,048166667;217,9;372,6;449,1;570,8;628,7;679,1
173,6;0,048222222;217,7;372,6;448,9;570,4;628,3;678,5
173,8;0,048277778;217,7;372,4;448,5;570,1;628;678,3
174;0,048333333;217,4;372,1;448,3;569,9;627,8;678
174,2;0,048388889;217,4;371,9;448,2;569,6;627,4;677,7
174,4;0,048444444;217,3;371,6;447,9;569,4;627;677,2
174,6;0,0485;217,1;371,6;447,6;569;626,7;677
174,8;0,048555556;217;371,2;447,5;568,7;626,5;676,6
175;0,048611111;216,9;371,1;447,2;568,5;626,1;676,3
175,2;0,048666667;216,6;370,8;446,9;568,3;625,9;675,9
175,4;0,048722222;216,7;370,6;446,8;567,8;625,6;675,5
175,6;0,048777778;216,3;370,4;446,4;567,6;625,4;675,2
175,8;0,048833333;216,4;370,3;446,3;567,3;625;674,8
176;0,048888889;216,3;370;446,1;566,8;624,6;674,4
176,2;0,048944444;216,2;369,9;445,9;566,8;624,3;674,1
176,4;0,049;216,1;369,7;445,7;566,4;624;673,7
176,6;0,049055556;215,9;369,6;445,3;566,2;623,6;673,4
176,8;0,049111111;215,6;369,3;445,1;565,8;623,3;673,1
177;0,049166667;215,7;369,2;444,8;565,6;623;672,7
177,2;0,049222222;215,6;368,9;444,7;565,4;622,7;672,3
177,4;0,049277778;215,4;368,8;444,4;565,1;622,5;672,1
177,6;0,049333333;215,3;368,5;444,1;564,8;622,1;671,8
177,8;0,049388889;215,2;368,2;443,9;564,5;621,7;671,3
178;0,049444444;215,2;368;443,7;564,2;621,5;671
178,2;0,0495;215;368;443,5;564;621,3;670,6
178,4;0,049555556;214,8;367,8;443,3;563,6;620,9;670,3
178,6;0,049611111;214,8;367,6;443,1;563,5;620,5;669,9
178,8;0,049666667;214,6;367,2;442,8;563,2;620,3;669,5
179;0,049722222;214,6;367,1;442,6;562,8;620;669,2
179,2;0,049777778;214,3;367;442,4;562,5;619,6;668,9
179,4;0,049833333;214,3;366,7;442,2;562,4;619,1;668,6
179,6;0,049888889;214,2;366,5;442;561,9;619;668,1
179,8;0,049944444;214,2;366,4;441,7;561,7;618,6;668
180;0,05;214,2;366,1;441,6;561,5;618,3;667,6
180,2;0,050055556;214,1;366,1;441,3;561;618;667,3
180,4;0,050111111;213,8;365,8;441,2;560,7;617,7;666,9
180,6;0,050166667;213,8;365,5;440,8;560,6;617,4;666,4
180,8;0,050222222;213,6;365,3;440,8;560,3;617,1;666
181;0,050277778;213,5;365,2;440,4;560;616,8;665,8
181,2;0,050333333;213,5;364,9;440,3;559,8;616,3;665,4
181,4;0,050388889;213,3;364,8;440,1;559,4;616;665
181,6;0,050444444;213;364,6;439,8;559,2;616;664,8
181,8;0,0505;213;364,4;439,6;558,9;615,4;664,5
182;0,050555556;213;364,2;439,5;558,7;615;664
182,2;0,050611111;212,8;364,1;439,3;558,4;614,8;663,7
182,4;0,050666667;212,8;363,9;439;558,2;614,5;663,3
182,6;0,050722222;212,6;363,6;438,8;557,9;614,2;663,1
182,8;0,050777778;212,5;363,4;438,6;557,6;613,9;662,5
183;0,050833333;212,4;363,2;438,5;557,3;613,4;662,3
183,2;0,050888889;212,3;363,1;438;557;613,2;662
183,4;0,050944444;212,2;362,9;437,9;556,8;612,8;661,7
183,6;0,051;212,1;362,6;437,7;556,5;612,5;661,2
183,8;0,051055556;212;362,4;437,4;556,2;612,3;660,8
184;0,051111111;211,9;362,3;437,3;555,9;612;660,6
184,2;0,051166667;211,8;362,1;437,1;555,7;611,6;660,1
184,4;0,051222222;211,8;361,9;436,8;555,4;611,3;659,8
184,6;0,051277778;211,6;361,7;436,5;555,2;611;659,5
184,8;0,051333333;211,4;361,5;436,4;554,9;610,5;659,2
185;0,051388889;211,2;361,3;436,2;554,7;610,3;658,8
185,2;0,051444444;211,2;361,1;436,1;554,5;609,9;658,4
185,4;0,0515;211,1;360,8;435,8;554,1;609,7;658,1
185,6;0,051555556;211;360,8;435,5;553,8;609,3;657,6
185,8;0,051611111;211;360,4;435,2;553,6;609,1;657,4
186;0,051666667;210,8;360,4;435,3;553,4;608,7;657,2
186,2;0,051722222;210,7;360,2;434,9;553,3;608,5;656,6
186,4;0,051777778;210,6;359,9;434,7;553;608,1;656,3
186,6;0,051833333;210,5;359,7;434,5;552,6;607,9;656,1
186,8;0,051888889;210,4;359,4;434,3;552,4;607,5;655,7
187;0,051944444;210,3;359,3;434,1;552,2;607,2;655,4
187,2;0,052;210,3;359,2;433,8;551,9;607;655,1
187,4;0,052055556;210,3;359;433,6;551,6;606,5;654,8
187,6;0,052111111;210;358,7;433,4;551,4;606,3;654,2
187,8;0,052166667;210;358,6;433,1;551;606,1;654
188;0,052222222;209,8;358,4;433;550,8;606;653,6
188,2;0,052277778;209,7;358,1;432,7;550,6;605,4;653,2
188,4;0,052333333;209,7;357,9;432,5;550,4;605,1;652,9
188,6;0,052388889;209,7;357,8;432,4;550;604,8;652,7
188,8;0,052444444;209,5;357,7;432,1;549,9;604,5;652,2
189;0,0525;209,4;357,5;432;549,5;604,2;651,9
189,2;0,052555556;209,3;357,2;431,7;549,4;604;651,6
189,4;0,052611111;209,3;357;431,5;549;603,5;651,2
189,6;0,052666667;209,1;357;431,4;548,7;603,3;650,9
189,8;0,052722222;209,2;356,7;431,1;548,5;603;650,6
190;0,052777778;209;356,5;430,9;548,2;602,7;650,3
190,2;0,052833333;209;356,3;430,7;547,8;602,4;650
190,4;0,052888889;208,7;356,3;430,6;547,8;602,2;649,6
190,6;0,052944444;208,6;356,1;430,4;547,4;601,9;649,3
190,8;0,053;208,6;355,9;430,1;547,1;601,5;648,9
191;0,053055556;208,6;355,6;429,8;546,8;601,2;648,6
191,2;0,053111111;208,4;355,4;429,8;546,7;600,9;648,3
191,4;0,053166667;208,4;355,2;429,5;546,4;600,6;648
191,6;0,053222222;208,1;355,2;429,3;546;600,4;647,6
191,8;0,053277778;208;355;429,1;545,8;600;647,2
192;0,053333333;208,1;354,8;428,8;545,6;599,8;647,1
192,2;0,053388889;207,9;354,7;428,5;545,1;599,3;646,6
192,4;0,053444444;207,7;354,3;428,5;544,9;599,1;646,3
192,6;0,0535;207,8;354,2;428,3;544,9;598,9;645,9
192,8;0,053555556;207,5;354,2;428,1;544,6;598,5;645,7
193;0,053611111;207,5;353,8;427,8;544,2;598,2;645,3
193,2;0,053666667;207,5;353,7;427,5;543,9;597,8;645
193,4;0,053722222;207,2;353,5;427,5;543,8;597,6;644,6
193,6;0,053777778;207,2;353,3;427,2;543,4;597,3;644,3
193,8;0,053833333;207,1;353,2;427;543,1;596,9;643,8
194;0,053888889;207;352,9;426,7;542,9;596,7;643,6
194,2;0,053944444;206,9;352,8;426,5;542,7;596,3;643,3
194,4;0,054;206,8;352,6;426,4;542,4;595,9;643
194,6;0,054055556;206,6;352,4;426,2;542,2;595,6;642,8
194,8;0,054111111;206,5;352,2;425,9;541,9;595,4;642,4
195;0,054166667;206,6;352,1;425,8;541,5;595;642,1
195,2;0,054222222;206,4;351,9;425,6;541,3;594,8;641,6
195,4;0,054277778;206,2;351,7;425,4;541,2;594,6;641,3
195,6;0,054333333;206,1;351,5;425,1;540,8;594,1;640,9
195,8;0,054388889;206;351,5;425;540,5;593,8;640,6
196;0,054444444;206;351,3;424,7;540,4;593,5;640,4
196,2;0,0545;205,8;351,2;424,6;540;593,2;640
196,4;0,054555556;205,6;350,8;424,3;539,8;592,9;639,6
196,6;0,054611111;205,6;350,7;424,2;539,6;592,5;639,3
196,8;0,054666667;205,4;350,6;423,9;539,5;592,1;639
197;0,054722222;205,2;350,3;423,8;538,9;591,9;638,8
197,2;0,054777778;205,2;350,3;423,5;538,8;591,7;638,4
197,4;0,054833333;205,2;350;423,3;538,4;591,3;638,1
197,6;0,054888889;205;349,9;423;538,3;591;637,8
197,8;0,054944444;205;349,8;422,8;537,9;590,7;637,4
198;0,055;204,9;349,6;422,8;537,7;590,4;637,1
198,2;0,055055556;204,8;349,4;422,7;537,4;590,2;636,8
198,4;0,055111111;204,6;349,3;422,3;537,1;589,7;636,5
198,6;0,055166667;204,5;349,1;422,2;537;589,5;636,1
198,8;0,055222222;204,5;349;421,9;536,6;589,1;635,9
199;0,055277778;204,4;348,8;421,7;536,2;588,9;635,6
199,2;0,055333333;204,3;348,6;421,6;536,1;588,5;635,3
199,4;0,055388889;204,2;348,5;421,5;535,9;588,2;634,9
199,6;0,055444444;204;348,2;421,2;535,7;588;634,6
199,8;0,0555;204;348,1;421;535,3;587,7;634,3
200;0,055555556;203,9;348;420,8;535,1;587,3;633,9
200,2;0,055611111;203,7;347,9;420,6;534,8;587;633,6
200,4;0,055666667;203,7;347,7;420,4;534,6;586,7;633,3
200,6;0,055722222;203,5;347,3;420,1;534,3;586,4;633
200,8;0,055777778;203,4;347,3;419,9;534,1;586,1;632,7
201;0,055833333;203,5;347,2;419,8;533,7;585,8;632,4
201,2;0,055888889;203,2;347;419,7;533,5;585,5;632,1
201,4;0,055944444;203,2;346,7;419,5;533,3;585,3;631,7
201,6;0,056;203,1;346,6;419,1;532,9;584,9;631,6
201,8;0,056055556;203;346,4;418,9;532,7;584,7;631,1
202;0,056111111;202,9;346,3;418,7;532,3;584,4;630,9
202,2;0,056166667;202,9;346,3;418,8;532,2;584;630,5
202,4;0,056222222;202,8;346,1;418,4;532;583,8;630,3
202,6;0,056277778;202,7;345,9;418,2;531,6;583,6;630
202,8;0,056333333;202,6;345,6;418,1;531,3;583,1;629,6
203;0,056388889;202,5;345,5;417,9;531,1;582,9;629,3
203,2;0,056444444;202,4;345,4;417,6;530,7;582,8;629
203,4;0,0565;202,4;345,2;417,5;530,4;582,5;628,6
203,6;0,056555556;202,2;345;417,2;530,2;582,1;628,4
203,8;0,056611111;202,1;344,7;417,2;529,9;581,8;628,2
204;0,056666667;202,1;344,7;416,8;529,7;581,5;627,7
204,2;0,056722222;201,9;344,5;416,8;529,4;581,2;627,4
204,4;0,056777778;202;344,4;416,6;529,2;581,1;627,1
204,6;0,056833333;201,8;344,1;416,4;528,8;580,8;626,8
204,8;0,056888889;201,8;344;416;528,4;580,4;626,5
205;0,056944444;201,7;343,9;415,9;528,3;580,1;626
205,2;0,057;201,6;343,7;415,7;527,9;579,8;626
205,4;0,057055556;201,5;343,5;415,6;527,9;579,5;625,6
205,6;0,057111111;201,6;343,5;415,3;527,4;579,2;625,3
205,8;0,057166667;201,2;343,2;415,2;527,2;579,1;624,9
206;0,057222222;201,4;343,1;415;526,8;578,8;624,6
206,2;0,057277778;201,2;342,9;414,8;526,7;578,5;624,3
206,4;0,057333333;201;342,8;414,7;526,3;578,4;624
206,6;0,057388889;201;342,5;414,4;526;578;623,8
206,8;0,057444444;200,8;342,3;414,1;525,8;577,6;623,3
207;0,0575;200,9;342,1;414,1;525,5;577,4;623,1
207,2;0,057555556;200,8;342;413,9;525,1;577,3;622,8
207,4;0,057611111;200,7;341,9;413,5;525;576,7;622,4
207,6;0,057666667;200,5;341,6;413,4;524,8;576,5;622,1
207,8;0,057722222;200,6;341,6;413,3;524,4;576,3;622
208;0,057777778;200,5;341,5;413;524,1;576;621,5
208,2;0,057833333;200,5;341,3;412,8;523,8;575,7;621,2
208,4;0,057888889;200,2;341,2;412,7;523,6;575,5;620,9
208,6;0,057944444;200,3;340,9;412,7;523,3;575,1;620,6
208,8;0,058;200,2;340,9;412,1;523;574,9;620,3
209;0,058055556;200;340,6;412;522,8;574,6;620
209,2;0,058111111;199,9;340,6;411,7;522,4;574,2;619,7
209,4;0,058166667;200;340,3;411,6;522,3;574,1;619,3
209,6;0,058222222;199,9;340,1;411,5;521,9;573,8;619
209,8;0,058277778;199,8;340;411,3;521,6;573,5;618,8
210;0,058333333;199,8;339,8;411;521,4;573,2;618,6
210,2;0,058388889;199,6;339,6;410,8;521,1;572,9;618,1
210,4;0,058444444;199,5;339,5;410,6;520,7;572,6;617,9
210,6;0,0585;199,5;339,3;410,4;520,7;572,5;617,6
210,8;0,058555556;199,4;339,2;410,2;520,4;572,1;617,2
211;0,058611111;199,2;339,1;410;520,1;571,8;616,9
211,2;0,058666667;199,3;339;409,9;519,9;571,5;616,6
211,4;0,058722222;199,1;338,7;409,7;519,5;571,2;616,3
211,6;0,058777778;199;338,7;409,5;519,2;571;616
211,8;0,058833333;198,9;338,3;409,4;519;570,7;615,6
212;0,058888889;198,9;338,4;409,1;518,8;570,4;615,4
212,2;0,058944444;198,7;338,1;408,9;518,5;570,2;615,2
212,4;0,059;198,6;337,9;408,8;518,3;569,9;614,9
212,6;0,059055556;198,6;337,8;408,6;517,9;569,7;614,5
212,8;0,059111111;198,6;337,7;408,4;517,6;569,3;614,2
213;0,059166667;198,4;337,5;408,3;517,5;569;613,8
213,2;0,059222222;198,3;337,3;408;517,4;568,7;613,6
213,4;0,059277778;198,3;337,2;407,8;516,9;568,5;613,3
213,6;0,059333333;198,1;337,2;407,7;516,7;568,1;613,1
213,8;0,059388889;198,1;336,8;407,4;516,4;568;612,8
214;0,059444444;197,9;336,7;407,4;516,3;567,6;612,3
214,2;0,0595;197,8;336,6;407,1;515,9;567,4;612,2
214,4;0,059555556;197,7;336,5;407;515,6;567,1;611,9
214,6;0,059611111;197,6;336,3;406,8;515,6;566,8;611,5
214,8;0,059666667;197,4;336,1;406,6;515,1;566,5;611,1
215;0,059722222;197,5;335,9;406,4;515;566,3;610,9
215,2;0,059777778;197,3;335,6;406,2;514,7;565,9;610,5
215,4;0,059833333;197,2;335,7;406,1;514,4;565,8;610,4
215,6;0,059888889;197,2;335,5;405,8;514,2;565,5;610,1
215,8;0,059944444;196,9;335,3;405,7;514;565;609,8
216;0,06;197;335,2;405,3;513,8;564,9;609,3
216,2;0,060055556;196,9;335,1;405,2;513,3;564,5;609,1
216,4;0,060111111;196,9;334,8;404,9;513,2;564,2;608,9
216,6;0,060166667;196,6;334,7;404,8;513;564;608,6
216,8;0,060222222;196,6;334,6;404,7;512,7;563,8;608,2
217;0,060277778;196,4;334,6;404,4;512,4;563,5;608
217,2;0,060333333;196,4;334,2;404,3;512,3;563,2;607,6
217,4;0,060388889;196,3;334,1;404,1;512;562,9;607,5
217,6;0,060444444;196;334;403,8;511,8;562,7;607
217,8;0,0605;196,1;333,8;403,6;511,5;562,3;606,8
218;0,060555556;195,9;333,6;403,5;511,2;562,1;606,5
218,2;0,060611111;195,9;333,7;403,2;511,1;561,7;606,2
218,4;0,060666667;195,9;333,5;403;510,8;561,6;605,9
218,6;0,060722222;195,6;333;402,8;510,6;561,2;605,6
218,8;0,060777778;195,7;333,2;402,7;510,2;561;605,3
219;0,060833333;195,5;332,9;402,3;510;560,8;604,9
219,2;0,060888889;195,4;332,7;402,3;509,9;560,4;604,6
219,4;0,060944444;195,3;332,7;402;509,6;560,1;604,5
219,6;0,061;195,2;332,6;401,8;509,3;559,8;604
219,8;0,061055556;195,1;332,3;401,6;509;559,5;604
220;0,061111111;194,9;332,1;401,4;508,8;559,4;603,6
220,2;0,061166667;194,7;332,1;401,2;508,5;559;603,3
220,4;0,061222222;194,7;331,8;401,1;508,3;558,8;602,9
220,6;0,061277778;194,8;331,6;400,9;508;558,5;602,7
220,8;0,061333333;194,6;331,7;400,6;507,8;558,3;602,5
221;0,061388889;194,6;331,5;400,5;507,5;558;602,2
221,2;0,061444444;194,5;331,4;400,2;507,2;557,6;601,7
221,4;0,0615;194,3;331,1;400,1;507,1;557,5;601,4
221,6;0,061555556;194,2;331,1;399,8;506,8;557,1;601,2
221,8;0,061611111;194,1;330,9;399,7;506,7;556,8;601
222;0,061666667;194;330,8;399,4;506,4;556,6;600,8
222,2;0,061722222;193,8;330,7;399,2;506,1;556,4;600,5
222,4;0,061777778;193,7;330,5;399,1;505,8;556,1;600,1
222,6;0,061833333;193,6;330,3;398,8;505,6;555,8;599,7
222,8;0,061888889;193,7;330,1;398,7;505,4;555,5;599,5
223;0,061944444;193,5;330,1;398,4;505,1;555,2;599,2
223,2;0,062;193,4;329,8;398,2;505;554,9;599
223,4;0,062055556;193,3;329,9;397,9;504,6;554,5;598,6
223,6;0,062111111;193,3;329,6;397,8;504,3;554,4;598,4
223,8;0,062166667;193,2;329,5;397,8;504,1;554,1;598
224;0,062222222;193,1;329,5;397,5;503,8;553,8;597,8
224,2;0,062277778;193;329,2;397,3;503,7;553,5;597,4
224,4;0,062333333;192,9;329,1;397,1;503,3;553,3;597,1
224,6;0,062388889;192,6;328,9;396,8;503,1;553;596,9
224,8;0,062444444;192,9;328,8;396,6;502,9;552,8;596,6
225;0,0625;192,7;328,8;396,7;502,8;552,6;596,5
225,2;0,062555556;192,5;328,5;396,3;502,5;552,4;596,1
225,4;0,062611111;192,6;328,4;396;502,1;551,9;595,9
225,6;0,062666667;192,5;328,2;395,9;501,9;551,9;595,5
225,8;0,062722222;192,4;328,2;395,7;501,7;551,5;595,2
226;0,062777778;192,3;328,1;395,5;501,4;551,3;594,8
226,2;0,062833333;192;327,8;395,3;501,1;550,8;594,5
226,4;0,062888889;192,2;327,6;395,2;500,8;550,7;594,3
226,6;0,062944444;192;327,5;395;500,6;550,3;594,1
226,8;0,063;192;327,3;394,9;500,4;550,1;593,7
227;0,063055556;191,9;327,2;394,6;500,2;549,9;593,4
227,2;0,063111111;192;327,1;394,3;500;549,7;593,1
227,4;0,063166667;191,7;326,9;394,2;499,9;549,3;592,8
227,6;0,063222222;191,6;326,7;394,1;499,5;549,1;592,6
227,8;0,063277778;191,6;326,7;393,9;499,2;548,9;592,3
228;0,063333333;191,5;326,5;393,6;499;548,5;592
228,2;0,063388889;191,4;326,3;393,5;498,8;548,4;591,7
228,4;0,063444444;191,3;326,2;393,3;498,3;548;591,4
228,6;0,0635;191,2;326,1;393,2;498,1;547,8;591,1
228,8;0,063555556;191,1;325,7;392,7;498,1;547,6;591
229;0,063611111;191,1;325,7;392,7;497,9;547,3;590,6
229,2;0,063666667;191;325,6;392,5;497,6;546,9;590,3
229,4;0,063722222;190,9;325,4;392,4;497,3;546,8;590
229,6;0,063777778;190,9;325,3;392,2;497,1;546,5;589,8
229,8;0,063833333;190,9;325,2;391,9;496,7;546,4;589,3
230;0,063888889;190,6;325,1;391,9;496,6;546;589,2
230,2;0,063944444;190,6;325;391,7;496,3;545,7;588,9
230,4;0,064;190,5;324,7;391,4;496;545,5;588,8
230,6;0,064055556;190,4;324,5;391,3;495,9;545,2;588,4
230,8;0,064111111;190,3;324,5;391,1;495,6;545;588,1
231;0,064166667;190,4;324,3;391;495,4;544,8;587,8
231,2;0,064222222;190,4;324,2;390,7;495,2;544,4;587,6
231,4;0,064277778;190;323,9;390,6;495;544,2;587,2
231,6;0,064333333;190,1;323,7;390,4;494,7;543,9;587,1
231,8;0,064388889;189,9;323,6;390,2;494,4;543,8;586,9
232;0,064444444;189,9;323,5;390,1;494,2;543,4;586,3
232,2;0,0645;189,9;323,5;389,8;494;543,3;586,3
232,4;0,064555556;189,8;323,2;389,6;493,8;543;585,9
232,6;0,064611111;189,7;323,1;389,4;493,5;542,6;585,7
232,8;0,064666667;189,6;322,9;389,3;493,3;542,4;585,5
233;0,064722222;189,6;322,7;389,1;493;542,3;585,1
233,2;0,064777778;189,3;322,4;388,9;492,7;541,8;584,9
233,4;0,064833333;189,3;322,4;388,8;492,6;541,8;584,6
233,6;0,064888889;189,4;322,3;388,5;492,4;541,4;584,2
233,8;0,064944444;189,1;322,2;388,4;492,2;541,3;584
234;0,065;189,2;322;388,1;491,9;540,9;583,6
234,2;0,065055556;189;321,8;387,9;491,7;540,7;583,4
234,4;0,065111111;189,1;321,6;387,9;491,5;540,5;583,2
234,6;0,065166667;188,9;321,5;387,7;491,2;540,2;583
234,8;0,065222222;188,9;321,5;387,4;491;539,8;582,7
235;0,065277778;188,7;321,2;387,4;490,8;539,7;582,3
235,2;0,065333333;188,7;321,1;387,1;490,4;539,3;582
235,4;0,065388889;188,5;320,8;386,9;490,2;539,2;581,8
235,6;0,065444444;188,5;320,7;386,9;490;538,9;581,6
235,8;0,0655;188,4;320,4;386,6;489,8;538,8;581,3
236;0,065555556;188,3;320,4;386,3;489,7;538,4;581
236,2;0,065611111;188,1;320,2;386,2;489,4;538,2;580,8
236,4;0,065666667;188,1;320,1;386;489,2;537,9;580,5
236,6;0,065722222;188,1;320;385,9;489;537,7;580,3
236,8;0,065777778;188;319,8;385,7;488,7;537,4;579,8
237;0,065833333;187,9;319,6;385,6;488,6;537,1;579,6
237,2;0,065888889;187,9;319,5;385,3;488,3;537;579,5
237,4;0,065944444;187,7;319,3;385,1;488,1;536,6;579,2
237,6;0,066;187,7;319,3;385,1;487,9;536,4;578,7
237,8;0,066055556;187,5;318,9;384,8;487,7;536,2;578,6
238;0,066111111;187,6;319;384,6;487,4;535,9;578,4
238,2;0,066166667;187,4;318,7;384,5;487,2;535,6;578,1
238,4;0,066222222;187,4;318,5;384,4;487;535,4;577,8
238,6;0,066277778;187,5;318,4;384,2;486,6;535,3;577,5
238,8;0,066333333;187,2;318,4;384;486,4;534,9;577,3
239;0,066388889;187,1;318,1;383,8;486,2;534,7;576,9
239,2;0,066444444;187,1;318,1;383,6;486;534,4;576,8
239,4;0,0665;187,1;317,8;383,5;485,8;534,2;576,5
239,6;0,066555556;186,9;317,8;383,1;485,5;533,9;576,3
239,8;0,066611111;186,9;317,6;383,1;485,5;533,6;575,9
240;0,066666667;186,9;317,3;382,9;485,1;533,4;575,6
240,2;0,066722222;186,9;317,2;382,5;484,8;533,2;575,4
240,4;0,066777778;186,8;317;382,3;484,6;532,9;575,1
240,6;0,066833333;186,8;316,8;382,4;484,5;532,5;574,8
240,8;0,066888889;186,7;316,8;382,2;484;532,5;574,6
241;0,066944444;186,6;316,7;382,1;484;532,1;574,3
241,2;0,067;186,6;316,5;381,9;483,7;531,8;574
241,4;0,067055556;186,5;316,4;381,8;483,5;531,7;573,7
241,6;0,067111111;186,3;316,2;381,4;483,3;531,4;573,4
241,8;0,067166667;186,3;316;381,4;483,1;531,1;573,2
242;0,067222222;186,2;315,9;381,2;482,8;530,8;572,9
242,2;0,067277778;186,2;315,6;381;482,7;530,6;572,8
242,4;0,067333333;186;315,5;380,8;482,4;530,3;572,4
242,6;0,067388889;186,1;315,3;380,5;482,2;530,3;572,2
242,8;0,067444444;186;315,2;380,6;482;530;571,8
243;0,0675;185,9;315,1;380,3;481,7;529,5;571,6
243,2;0,067555556;185,7;314,8;380,1;481,6;529,5;571,4
243,4;0,067611111;185,8;314,8;380,1;481,2;529,1;571,1
243,6;0,067666667;185,9;314,5;379,8;481;528,9;570,7
243,8;0,067722222;185,7;314,5;379,6;481;528,7;570,6
244;0,067777778;185,5;314,2;379,4;480,6;528,3;570,2
244,2;0,067833333;185,5;314,3;379,3;480,4;528;570
244,4;0,067888889;185,4;314;379,2;480,3;528;569,8
244,6;0,067944444;185,3;313,9;378,9;480,1;527,5;569,5
244,8;0,068;185,2;313,8;378,8;479,7;527,3;569,1
245;0,068055556;185,2;313,6;378,5;479,6;527,1;568,9
245,2;0,068111111;185,2;313,4;378,5;479,3;526,9;568,6
245,4;0,068166667;185;313,4;378,2;479,1;526,6;568,4
245,6;0,068222222;185;313,2;378,1;478,9;526,5;568,2
245,8;0,068277778;184,9;313;378;478,7;526,1;567,9
246;0,068333333;184,7;312,9;377,8;478,6;525,9;567,5
246,2;0,068388889;184,8;312,7;377,8;478,3;525,7;567,3
246,4;0,068444444;184,7;312,6;377,5;478,1;525,5;567,1
246,6;0,0685;184,6;312,5;377,4;477,9;525,1;566,8
246,8;0,068555556;184,4;312,5;377,1;477,7;525;566,6
247;0,068611111;184,4;312,2;376,9;477,4;524,7;566,2
247,2;0,068666667;184,4;312;376,7;477,3;524,4;566
247,4;0,068722222;184,2;311,9;376,6;477;524,3;565,9
247,6;0,068777778;184,3;311,9;376,5;476,8;524;565,4
247,8;0,068833333;184,3;311,6;376,2;476,6;523,9;565,2
248;0,068888889;184,1;311,5;376;476,2;523,6;565
248,2;0,068944444;184;311,3;375,9;476,2;523,2;564,8
248,4;0,069;184;311,2;375,7;475,8;522,9;564,6
248,6;0,069055556;183,8;311,1;375,5;475,7;522,8;564,2
248,8;0,069111111;183,6;311;375,5;475,5;522,6;563,8
249;0,069166667;183,9;310,9;375,1;475,4;522,3;563,7
249,2;0,069222222;183,6;310,7;375,1;475;522,1;563,3
249,4;0,069277778;183,6;310,5;374,9;474,8;521,9;563,2
249,6;0,069333333;183,5;310,5;374,7;474,6;521,6;562,9
249,8;0,069388889;183,3;310,2;374,6;474,4;521,3;562,7
250;0,069444444;183,2;310;374,4;474,1;521,2;562,3
250,2;0,0695;183,1;309,9;374,2;473,9;520,9;562,1
250,4;0,069555556;183,2;309,9;374,1;473,8;520,7;561,8
250,6;0,069611111;182,9;309,7;373,8;473,4;520,4;561,7
250,8;0,069666667;182,8;309,7;373,6;473,2;520,1;561,4
251;0,069722222;182,7;309,4;373,5;473;519,9;561,1
251,2;0,069777778;182,6;309,5;373,3;472,8;519,8;560,8
251,4;0,069833333;182,5;309,1;373,2;472,6;519,5;560,6
251,6;0,069888889;182,6;309;373,1;472,5;519,3;560,2
251,8;0,069944444;182,5;309;372,9;472;518,9;559,9
252;0,07;182,3;308,6;372,6;472;518,8;559,8
252,2;0,070055556;182,3;308,6;372,4;471,8;518,5;559,6
252,4;0,070111111;182,2;308,4;372,4;471,5;518,2;559,3
252,6;0,070166667;182,2;308,5;372,1;471,2;518,1;558,9
252,8;0,070222222;182,1;308,3;372,1;471;517,9;558,7
253;0,070277778;182,1;308,1;371,8;470,7;517,6;558,5
253,2;0,070333333;182;308,1;371,7;470,7;517,3;558,2
253,4;0,070388889;181,7;307,9;371,5;470,3;517,1;558
253,6;0,070444444;181,9;307,7;371,3;470,1;516,8;557,7
253,8;0,0705;181,8;307,5;371,2;469,9;516,5;557,5
254;0,070555556;181,8;307,5;371;469,7;516,3;557,1
254,2;0,070611111;181,7;307,2;370,9;469,5;516,2;557,1
254,4;0,070666667;181,6;307,2;370,6;469,3;515,9;556,7
254,6;0,070722222;181,5;307,1;370,4;469;515,5;556,5
254,8;0,070777778;181,3;306,8;370,3;468,9;515,4;556,1
255;0,070833333;181,2;306,7;370,2;468,8;515,1;555,9
255,2;0,070888889;181,2;306,5;369,9;468,5;514,9;555,7
255,4;0,070944444;181,1;306,5;369,7;468,1;514,6;555,5
255,6;0,071;181;306,4;369,6;468,1;514,6;555,1
255,8;0,071055556;181,1;306,2;369,4;467,8;514,3;554,9
256;0,071111111;181;306,2;369,3;467,6;514,1;554,6
256,2;0,071166667;181,1;306;369,1;467,5;513,8;554,4
256,4;0,071222222;180,8;305,9;369;467,2;513,6;554,2
256,6;0,071277778;180,7;305,7;368,9;467;513,4;553,9
256,8;0,071333333;180,6;305,4;368,6;466,8;513,3;553,7
257;0,071388889;180,7;305,3;368,6;466,5;513,1;553,4
257,2;0,071444444;180,7;305,1;368,4;466,4;512,8;553,1
257,4;0,0715;180,5;305,1;368,3;466,1;512,7;552,8
257,6;0,071555556;180,5;305;368,2;466;512,5;552,6
257,8;0,071611111;180,4;304,8;367,9;465,8;512,2;552,2
258;0,071666667;180,2;304,6;367,7;465,4;512;552,2
258,2;0,071722222;180,3;304,6;367,7;465,3;511,9;551,9
258,4;0,071777778;180,2;304,3;367,4;465;511,5;551,7
258,6;0,071833333;180,2;304,3;367,4;464,8;511,6;551,4
258,8;0,071888889;180,1;304,1;367,1;464,6;511,2;551,1
259;0,071944444;180;304;367,1;464,5;511;551
259,2;0,072;180;304;366,9;464,3;510,8;550,7
259,4;0,072055556;179,9;303,7;366,7;464,1;510,5;550,5
259,6;0,072111111;179,8;303,6;366,6;463,8;510,3;550,1
259,8;0,072166667;179,8;303,5;366,4;463,7;510,2;550
260;0,072222222;179,7;303,3;366,3;463,6;510;549,7
260,2;0,072277778;179,6;303,2;366;463,3;509,6;549,5
260,4;0,072333333;179,6;303;365,9;463;509,4;549,3
260,6;0,072388889;179,4;302,9;365,8;462,9;509,1;548,9
260,8;0,072444444;179,5;302,7;365,6;462,7;509;548,8
261;0,0725;179,3;302,6;365,4;462,4;508,7;548,5
261,2;0,072555556;179,2;302,6;365,3;462,1;508,6;548,2
261,4;0,072611111;179,2;302,4;365,2;462;508,5;547,9
261,6;0,072666667;179,1;302,2;365;461,9;508,2;547,7
261,8;0,072722222;179,1;302,1;364,8;461,6;507,9;547,5
262;0,072777778;179;301,9;364,7;461,4;507,6;547,2
262,2;0,072833333;179,1;301,9;364,6;461,1;507,5;547
262,4;0,072888889;178,9;301,7;364,3;461;507,1;546,8
262,6;0,072944444;178,9;301,6;364,1;460,7;507;546,4
262,8;0,073;178,7;301,5;363,9;460,4;506,7;546,4
263;0,073055556;178,6;301,2;363,9;460,3;506,6;546,1
263,2;0,073111111;178,7;301,3;363,8;460,1;506,3;545,9
263,4;0,073166667;178,6;301,1;363,7;459,8;506,2;545,7
263,6;0,073222222;178,6;301;363,5;459,7;505,9;545,5
263,8;0,073277778;178,5;300,9;363,4;459,5;505,6;545,2
264;0,073333333;178,4;300,6;363,1;459,4;505,3;545
264,2;0,073388889;178,3;300,5;363;459;505,3;544,7
264,4;0,073444444;178,3;300,3;362,8;458,8;505;544,5
264,6;0,0735;178,2;300,2;362,6;458,6;504,8;544,3
264,8;0,073555556;178,1;300,2;362,5;458,4;504,6;544
265;0,073611111;178;300;362,4;458,2;504,4;543,7
265,2;0,073666667;178;299,8;362,1;458;504,1;543,6
265,4;0,073722222;178;299,8;361,9;457,8;503,9;543,3
265,6;0,073777778;177,8;299,7;361,9;457,7;503,8;543,1
265,8;0,073833333;177,9;299,5;361,7;457,4;503,5;542,9
266;0,073888889;177,7;299,4;361,6;457,2;503,2;542,6
266,2;0,073944444;177,6;299,3;361,4;457;503;542,4
266,4;0,074;177,6;299;361,2;456,8;502,9;542,1
266,6;0,074055556;177,4;299;361,1;456,6;502,8;541,9
266,8;0,074111111;177,3;298,9;360,9;456,3;502,4;541,7
267;0,074166667;177,4;298,8;360,8;456,2;502,1;541,6
267,2;0,074222222;177,3;298,6;360,6;455,8;502;541,3
267,4;0,074277778;177,3;298,5;360,5;455,8;501,7;541,2
267,6;0,074333333;177,2;298,5;360,3;455,5;501,5;540,8
267,8;0,074388889;177,1;298,2;360,1;455,3;501,3;540,5
268;0,074444444;176,9;298,3;360,1;455;501,3;540,3
268,2;0,0745;176,9;298;359,9;454,8;500,9;540,2
268,4;0,074555556;176,7;297,9;359,8;454,7;500,7;539,8
268,6;0,074611111;176,7;297,8;359,5;454,6;500,5;539,5
268,8;0,074666667;176,8;297,6;359,3;454,3;500,4;539,4
269;0,074722222;176,5;297,6;359,2;454;500;539,1
269,2;0,074777778;176,6;297,4;359;453,8;499,7;538,9
269,4;0,074833333;176,4;297,3;359;453,7;499,6;538,6
269,6;0,074888889;176,3;297,2;358,7;453,5;499,4;538,5
269,8;0,074944444;176,2;297,2;358,5;453,2;499,3;538,3
270;0,075;176,1;297;358,4;453,1;498,9;538
270,2;0,075055556;176;296,9;358,3;453;498,8;537,7
270,4;0,075111111;176;296,7;358,1;452,7;498,6;537,6
270,6;0,075166667;176,1;296,7;357,9;452,6;498,2;537,2
270,8;0,075222222;175,9;296,3;357,8;452,4;498;537,1
271;0,075277778;175,8;296,3;357,6;452,2;497,9;536,8
271,2;0,075333333;175,7;296,2;357,5;452;497,6;536,6
271,4;0,075388889;175,7;296,1;357,2;451,7;497,5;536,5
271,6;0,075444444;175,6;296;357;451,5;497,3;536,1
271,8;0,0755;175,6;295,8;357,1;451,3;497,2;535,9
272;0,075555556;175,5;295,7;356,8;451,3;496,9;535,7
272,2;0,075611111;175,5;295,6;356,5;451,1;496,7;535,4
272,4;0,075666667;175,5;295,5;356,4;450,9;496,5;535,3
272,6;0,075722222;175,3;295,3;356,3;450,7;496,2;535
272,8;0,075777778;175,3;295,3;356,1;450,3;496,1;534,7
273;0,075833333;175,2;295,1;355,9;450,4;495,7;534,4
273,2;0,075888889;175,1;295,1;355,9;450;495,6;534,4
273,4;0,075944444;175;294,7;355,8;449,9;495,4;534,1
273,6;0,076;174,9;294,7;355,6;449,7;495,1;533,9
273,8;0,076055556;174,9;294,6;355,4;449,5;494,9;533,5
274;0,076111111;174,9;294,5;355,2;449,2;494,8;533,4
274,2;0,076166667;174,9;294,4;355,1;449,1;494,6;533,1
274,4;0,076222222;174,7;294,3;354,9;448,9;494,2;533
274,6;0,076277778;174,5;294,1;354,7;448,8;494,2;532,7
274,8;0,076333333;174,5;294,1;354,5;448,5;493,9;532,6
275;0,076388889;174,5;293,8;354,4;448,3;493,7;532
275,2;0,076444444;174,4;293,8;354,1;448,3;493,6;532
275,4;0,0765;174,3;293,8;354,1;448,1;493,3;531,8
275,6;0,076555556;174,2;293,5;353,9;447,9;492,9;531,5
275,8;0,076611111;174,1;293,3;353,8;447,5;492,7;531,3
276;0,076666667;174,1;293,2;353,6;447,4;492,5;531
276,2;0,076722222;174;293,1;353,4;447,2;492,3;530,9
276,4;0,076777778;174;293,1;353,5;447,1;492,1;530,7
276,6;0,076833333;173,8;293;353,2;446,9;491,9;530,4
276,8;0,076888889;173,8;292,9;353,1;446,8;491,7;530,2
277;0,076944444;173,8;292,6;352,9;446,6;491,5;529,9
277,2;0,077;173,6;292,7;352,8;446,3;491,3;529,9
277,4;0,077055556;173,4;292,5;352,6;446,1;491;529,5
277,6;0,077111111;173,4;292,4;352,3;446;490,8;529,3
277,8;0,077166667;173,4;292,3;352,3;445,7;490,8;529
278;0,077222222;173,2;292,1;352,1;445,5;490,4;528,9
278,2;0,077277778;173,2;292;352;445,4;490,2;528,5
278,4;0,077333333;173,1;291,8;351,8;445,1;489,9;528,3
278,6;0,077388889;173;291,7;351,6;445,1;489,9;528
278,8;0,077444444;173;291,7;351,5;444,8;489,4;528
279;0,0775;173;291,5;351,4;444,6;489,2;527,6
279,2;0,077555556;172,8;291,4;351,2;444,5;489,1;527,5
279,4;0,077611111;172,7;291,3;351,2;444,2;488,9;527,3
279,6;0,077666667;172,7;291;350,9;444;488,6;527,1
279,8;0,077722222;172,6;291;350,8;443,9;488,6;526,7
280;0,077777778;172,7;290,8;350,5;443,5;488,2;526,5
280,2;0,077833333;172,5;290,7;350,4;443,5;488,1;526,2
280,4;0,077888889;172,5;290,6;350,4;443,3;487,8;526,1
280,6;0,077944444;172,2;290,5;350,2;443;487,6;525,9
280,8;0,078;172,4;290,4;350;443;487,4;525,8
281;0,078055556;172,3;290,3;349,9;442,7;487,3;525,4
281,2;0,078111111;172,2;290;349,7;442,5;486,9;525,1
281,4;0,078166667;172;289,9;349,5;442,3;486,9;525
281,6;0,078222222;172,1;289,9;349,4;442,1;486,6;524,6
281,8;0,078277778;172;289,8;349,2;442;486,3;524,4
282;0,078333333;171,8;289,5;349,2;441,8;486,2;524,3
282,2;0,078388889;171,9;289,5;349;441,6;485,9;524
282,4;0,078444444;171,9;289,4;348,8;441,2;485,7;523,8
282,6;0,0785;171,8;289,1;348,7;441,3;485,6;523,6
282,8;0,078555556;171,7;289,1;348,4;440,9;485,4;523,4
283;0,078611111;171,7;289;348,3;440,9;485,2;523,1
283,2;0,078666667;171,6;288,8;348,2;440,5;485;523
283,4;0,078722222;171,6;288,7;348;440,5;484,6;522,7
283,6;0,078777778;171,4;288,5;347,8;440,2;484,6;522,5
283,8;0,078833333;171,4;288,4;347,6;440;484,4;522,2
284;0,078888889;171,3;288,4;347,8;439,9;484,2;522,1
284,2;0,078944444;171,2;288,1;347,4;439,8;484;521,9
284,4;0,079;171,1;288;347,2;439,4;483,9;521,6
284,6;0,079055556;171,2;287,9;347;439,2;483,5;521,3
284,8;0,079111111;171,1;287,8;346,9;439;483,4;521,2
285;0,079166667;171,1;287,6;346,8;438,9;483,3;520,9
285,2;0,079222222;170,9;287,7;346,7;438,7;482,9;520,6
285,4;0,079277778;170,8;287,5;346,4;438,4;482,6;520,5
285,6;0,079333333;170,8;287,4;346,2;438,3;482,5;520,2
285,8;0,079388889;170,8;287,2;346,2;438,1;482,2;519,9
286;0,079444444;170,7;287;346;437,9;482,2;519,8
286,2;0,0795;170,6;287;345,8;437,6;482;519,6
286,4;0,079555556;170,6;286,8;345,7;437,5;481,7;519,4
286,6;0,079611111;170,5;286,8;345,5;437,4;481,5;519,2
286,8;0,079666667;170,5;286,6;345,3;437,1;481,3;519
287;0,079722222;170,4;286,6;345,2;436,9;481,1;518,7
287,2;0,079777778;170,2;286,5;345,1;436,7;481,1;518,4
287,4;0,079833333;170,1;286,4;344,8;436,5;480,9;518,2
287,6;0,079888889;170,3;286,1;344,7;436,3;480,6;518
287,8;0,079944444;170;286;344,6;436,1;480,3;517,9
288;0,08;170;286;344,3;436,1;480,2;517,6
288,2;0,080055556;169,9;285,8;344,3;435,9;479,9;517,4
288,4;0,080111111;170;285,7;344;435,6;479,7;517,1
288,6;0,080166667;169,7;285,5;344;435,6;479,5;516,9
288,8;0,080222222;169,7;285,4;343,7;435,3;479,3;516,6
289;0,080277778;169,5;285,4;343,5;435;479,2;516,5
289,2;0,080333333;169,5;285,3;343,4;434,8;479;516,2
289,4;0,080388889;169,5;285,2;343,3;434,7;478,7;516,1
289,6;0,080444444;169,4;285;343,1;434,6;478,5;515,8
289,8;0,0805;169,1;284,9;342,9;434,3;478,3;515,6
290;0,080555556;169,3;284,7;342,9;434,1;478,1;515,5
290,2;0,080611111;169,1;284,7;342,6;434;478;515,3
290,4;0,080666667;169;284,6;342,4;433,8;477,8;514,9
290,6;0,080722222;169;284,3;342,2;433,5;477,6;514,7
290,8;0,080777778;168,9;284,2;342,3;433,5;477,4;514,5
291;0,080833333;169;284,1;342;433,2;477,1;514,4
291,2;0,080888889;168,8;284,1;341,9;433;477;514,2
291,4;0,080944444;168,7;283,9;341,7;432,8;476,8;513,9
291,6;0,081;168,7;283,8;341,5;432,7;476,6;513,7
291,8;0,081055556;168,7;283,8;341,3;432,5;476,4;513,5
292;0,081111111;168,7;283,6;341,1;432,3;476,2;513,3
292,2;0,081166667;168,6;283,3;341,1;432,2;476;512,8
292,4;0,081222222;168,4;283,2;340,9;432,1;475,9;512,8
292,6;0,081277778;168,5;283,1;340,7;431,8;475,6;512,6
292,8;0,081333333;168,3;282,9;340,6;431,7;475,3;512,5
293;0,081388889;168,2;282,9;340,4;431,5;475,2;512,3
293,2;0,081444444;168,2;282,7;340,2;431,3;475;511,9
293,4;0,0815;168,2;282,6;340,3;431,2;474,8;511,7
293,6;0,081555556;168,1;282,4;339,9;431;474,6;511,6
293,8;0,081611111;168,1;282,4;339,9;430,8;474,5;511,3
294;0,081666667;167,9;282,3;339,7;430,6;474,3;511,1
294,2;0,081722222;167,9;282,1;339,5;430,3;474;511
294,4;0,081777778;167,9;282;339,5;430,3;473,9;510,7
294,6;0,081833333;167,8;281,9;339,3;430,1;473,6;510,4
294,8;0,081888889;167,6;281,7;339,2;429,9;473,5;510,3
295;0,081944444;167,7;281,7;338,9;429,7;473,2;510
295,2;0,082;167,6;281,5;338,9;429,5;472,9;509,8
295,4;0,082055556;167,5;281,4;338,7;429,3;472,7;509,6
295,6;0,082111111;167,4;281,2;338,5;429,2;472,5;509,5
295,8;0,082166667;167,5;281,1;338,4;429,1;472,4;509,2
296;0,082222222;167,3;281;338,3;428,8;472,2;508,9
296,2;0,082277778;167,2;280,9;338,1;428,7;472,1;508,7
296,4;0,082333333;167,2;280,7;337,9;428,5;471,8;508,7
296,6;0,082388889;167,1;280,6;337,8;428,2;471,5;508,3
296,8;0,082444444;167;280,5;337,7;428,1;471,4;508,1
297;0,0825;167;280,3;337,5;427,9;471,3;507,9
297,2;0,082555556;166,9;280,2;337,4;427,7;471;507,6
297,4;0,082611111;166,9;280,1;337,3;427,6;470,9;507,4
297,6;0,082666667;166,9;280;337,1;427,4;470,7;507,3
297,8;0,082722222;166,7;279,7;337;427,2;470,5;507,1
298;0,082777778;166,7;279,7;336,8;427;470,2;506,8
298,2;0,082833333;166,7;279,6;336,7;426,9;470,2;506,5
298,4;0,082888889;166,7;279,7;336,6;426,8;469,9;506,4
298,6;0,082944444;166,3;279,3;336,4;426,5;469,6;506,2
298,8;0,083;166,3;279,3;336,3;426,3;469,4;505,9
299;0,083055556;166,2;279,1;336,2;426,2;469,3;505,8
299,2;0,083111111;166,1;279;336;426;469,1;505,6
299,4;0,083166667;166,1;278,8;335,8;425,8;468,8;505,4
299,6;0,083222222;166;278,6;335,7;425,8;468,6;505,1
299,8;0,083277778;165,9;278,6;335,7;425,5;468,5;505
300;0,083333333;165,9;278,3;335,5;425,4;468,3;504,9
300,2;0,083388889;165,8;278,3;335,4;425,2;468;504,5
300,4;0,083444444;165,8;278,2;335,3;425,1;467,9;504,4
300,6;0,0835;165,6;278,2;335,1;424,8;467,7;504,2
300,8;0,083555556;165,7;278;335;424,6;467,5;504
301;0,083611111;165,5;277,8;334,7;424,5;467,3;503,7
301,2;0,083666667;165,4;277,6;334,6;424,2;467,2;503,5
301,4;0,083722222;165,3;277,7;334,4;424;467,1;503,3
301,6;0,083777778;165,3;277,3;334,4;423,8;466,7;503,1
301,8;0,083833333;165,4;277,2;334,2;423,6;466,5;502,9
302;0,083888889;165,3;277,2;334,3;423,6;466,3;502,6
302,2;0,083944444;165,1;277,2;333,9;423,4;466,1;502,5
302,4;0,084;165;277,1;333,9;423,3;465,9;502,2
302,6;0,084055556;165,1;276,8;333,6;423;465,8;502,1
302,8;0,084111111;165;276,7;333,5;422,8;465,6;501,9
303;0,084166667;164,9;276,6;333,3;422,7;465,4;501,6
303,2;0,084222222;165,1;276,5;333,3;422,5;465,3;501,5
303,4;0,084277778;164,8;276,3;333,1;422,3;465;501,3
303,6;0,084333333;164,8;276,2;333;422,2;464,8;501
303,8;0,084388889;164,6;276,1;332,8;422;464,7;500,8
304;0,084444444;164,6;276;332,6;421,7;464,5;500,6
304,2;0,0845;164,6;275,9;332,6;421,6;464,3;500,5
304,4;0,084555556;164,6;275,8;332,5;421,3;464;500,2
304,6;0,084611111;164,5;275,7;332,2;421,3;463,9;500,1
304,8;0,084666667;164,5;275,4;332,1;421,1;463,7;499,8
305;0,084722222;164,4;275,4;332;420,9;463,4;499,6
305,2;0,084777778;164,3;275,3;332;420,7;463,3;499,4
305,4;0,084833333;164,3;275,2;331,8;420,6;463,1;499,4
305,6;0,084888889;164,1;275,2;331,7;420,5;462,8;499
305,8;0,084944444;164,1;275,1;331,4;420,4;462,7;498,8
306;0,085;164,1;274,8;331,3;420;462,7;498,7
306,2;0,085055556;163,9;274,7;331;420;462,2;498,3
306,4;0,085111111;163,9;274,6;330,9;419,7;462,2;498,3
306,6;0,085166667;164;274,5;330,8;419,5;462,1;497,9
306,8;0,085222222;163,8;274,3;330,7;419,4;461,7;497,7
307;0,085277778;163,8;274,1;330,6;419,3;461,5;497,6
307,2;0,085333333;163,8;274,1;330,4;419,1;461,4;497,3
307,4;0,085388889;163,7;274;330,3;418,8;461,2;497,2
307,6;0,085444444;163,6;273,9;330,2;418,7;461,1;496,9
307,8;0,0855;163,6;273,8;330,1;418,6;460,8;496,6
308;0,085555556;163,4;273,6;330;418,4;460,7;496,6
308,2;0,085611111;163,4;273,5;329,7;418,2;460,4;496,4
308,4;0,085666667;163,3;273,4;329,4;418,1;460,2;496,2
308,6;0,085722222;163,2;273,3;329,4;417,9;460,2;495,9
308,8;0,085777778;163,3;273,3;329,2;417,6;460;495,8
309;0,085833333;163,1;273;329,1;417,6;459,8;495,5
309,2;0,085888889;163;272,9;329,1;417,3;459,5;495,4
309,4;0,085944444;163;272,8;328,9;417,1;459,4;495,2
309,6;0,086;163;272,7;328,7;416,9;459,2;495
309,8;0,086055556;162,9;272,6;328,5;416,9;459;494,8
310;0,086111111;162,8;272,5;328,5;416,8;458,8;494,4
310,2;0,086166667;162,7;272,5;328,4;416,5;458,6;494,3
310,4;0,086222222;162,7;272,3;328,1;416,3;458,5;494,2
310,6;0,086277778;162,5;272,2;327,9;416,1;458,2;493,9
310,8;0,086333333;162,6;272,1;327,8;415,9;458,1;493,8
311;0,086388889;162,6;272;327,8;415,8;458;493,6
311,2;0,086444444;162,5;271,9;327,6;415,6;457,6;493,3
311,4;0,0865;162,4;271,8;327,6;415,5;457,4;493,1
311,6;0,086555556;162,3;271,7;327,2;415,3;457,3;492,9
311,8;0,086611111;162,3;271,8;327,1;415;457,1;492,7
312;0,086666667;162,4;271,4;327;415;456,9;492,5
312,2;0,086722222;162,2;271,4;326,9;414,8;456,7;492,3
312,4;0,086777778;162;271,3;326,8;414,6;456,5;492,1
312,6;0,086833333;162,1;271;326,6;414,4;456,3;491,9
312,8;0,086888889;161,9;271;326,5;414,3;456,2;491,8
313;0,086944444;161,9;271;326,4;414,1;455,9;491,6
313,2;0,087;161,9;270,9;326,3;414;455,7;491,4
313,4;0,087055556;161,9;270,8;326,1;413,8;455,6;491,1
313,6;0,087111111;161,9;270,6;326;413,5;455,5;490,9
313,8;0,087166667;161,6;270,5;325,8;413,4;455,1;490,8
314;0,087222222;161,6;270,3;325,6;413,3;455;490,4
314,2;0,087277778;161,6;270,3;325,7;413;454,7;490,4
314,4;0,087333333;161,2;270,1;325,5;412,9;454,7;490,3
314,6;0,087388889;161,3;270;325,3;412,8;454,5;490
314,8;0,087444444;161,3;269,9;325,1;412,6;454,3;489,8
315;0,0875;161,1;269,9;325;412,4;454,1;489,7
315,2;0,087555556;161,2;269,8;324,9;412,2;453,8;489,4
315,4;0,087611111;161,1;269,5;324,8;412,1;453,7;489,2
315,6;0,087666667;161;269,4;324,5;411,8;453,6;489,1
315,8;0,087722222;161;269,3;324,4;411,8;453,4;488,8
316;0,087777778;160,8;269,2;324,3;411,6;453,1;488,7
316,2;0,087833333;160,8;269,1;324,2;411,6;453,1;488,6
316,4;0,087888889;160,8;268,9;324,1;411,3;452,8;488,3
316,6;0,087944444;160,7;268,7;323,9;411,2;452,6;488,1
316,8;0,088;160,6;268,6;323,8;411;452,5;487,9
317;0,088055556;160,6;268,6;323,5;410,6;452,2;487,7
317,2;0,088111111;160,6;268,5;323,5;410,6;452;487,4
317,4;0,088166667;160,5;268,4;323,4;410,6;451,9;487,3
317,6;0,088222222;160,4;268,3;323,3;410,3;451,7;487
317,8;0,088277778;160,3;268,2;323,1;410,1;451,4;487
318;0,088333333;160,4;268;323,1;409,9;451,4;486,8
318,2;0,088388889;160,2;267,9;322,9;409,8;451,1;486,5
318,4;0,088444444;160,2;267,8;322,6;409,7;451;486,4
318,6;0,0885;160,1;267,6;322,6;409,4;450,9;486,2
318,8;0,088555556;159,9;267,6;322,5;409,4;450,7;486
319;0,088611111;159,9;267,4;322,3;409,2;450,4;485,8
319,2;0,088666667;159,8;267,3;322,1;409;450,3;485,4
319,4;0,088722222;159,8;267,1;321,9;408,7;450,1;485,4
319,6;0,088777778;159,8;267,1;321,7;408,6;449,9;485,2
319,8;0,088833333;159,6;266,9;321,7;408,5;449,6;485
320;0,088888889;159,7;266,8;321,5;408,3;449,5;484,8
320,2;0,088944444;159,5;266,8;321,3;408,1;449,4;484,6
320,4;0,089;159,5;266,7;321,2;408;449,2;484,5
320,6;0,089055556;159,4;266,5;321,1;407,8;448,9;484,2
320,8;0,089111111;159,2;266,5;321;407,5;448,8;484
321;0,089166667;159,2;266,3;320,8;407,5;448,7;483,8
321,2;0,089222222;159,1;266,3;320,6;407,3;448,5;483,8
321,4;0,089277778;159,1;266,1;320,6;407,1;448,3;483,4
321,6;0,089333333;159,1;266;320,4;406,9;448,1;483,2
321,8;0,089388889;159;266;320,3;406,7;448;483,3
322;0,089444444;158,9;265,7;320;406,6;447,6;482,9
322,2;0,0895;158,8;265,6;320;406,5;447,6;482,7
322,4;0,089555556;158,7;265,5;319,9;406,2;447,5;482,5
322,6;0,089611111;158,7;265,4;319,7;406,1;447,2;482,1
322,8;0,089666667;158,7;265,2;319,6;405,9;447;482
323;0,089722222;158,7;265,2;319,3;405,6;446,8;481,8
323,2;0,089777778;158,6;265;319,3;405,5;446,6;481,7
323,4;0,089833333;158,5;264,9;319,2;405,3;446,6;481,5
323,6;0,089888889;158,4;264,7;319,1;405,2;446,2;481,2
323,8;0,089944444;158,3;264,7;319;405,1;446,2;481,1
324;0,09;158,3;264,6;318,7;404,9;445,9;481
324,2;0,090055556;158,2;264,4;318,7;404,7;445,6;480,7
324,4;0,090111111;158,1;264,4;318,5;404,6;445,4;480,5
324,6;0,090166667;158,2;264,2;318,3;404,4;445,4;480,4
324,8;0,090222222;157,9;264,2;318,2;404,1;445,1;480,1
325;0,090277778;158;264;318,1;404,1;445,1;480
325,2;0,090333333;158;263,9;318;404;444,9;479,8
325,4;0,090388889;157,7;263,6;317,8;403,7;444,7;479,5
325,6;0,090444444;157,6;263,6;317,7;403,6;444,6;479,5
325,8;0,0905;157,7;263,5;317,6;403,4;444,3;479,2
326;0,090555556;157,7;263,3;317,3;403,2;444,1;479
326,2;0,090611111;157,7;263,4;317,3;403,1;444,1;478,8
326,4;0,090666667;157,5;263,1;317,2;402,9;443,8;478,5
326,6;0,090722222;157,6;263,1;317;402,6;443,7;478,5
326,8;0,090777778;157,3;262,9;316,8;402,6;443,5;478,1
327;0,090833333;157,4;262,8;316,7;402,4;443,2;478
